Epoch:	0	#Units:	34	#Herbi:	25	#Frugi:	6	#Carni:	3	#Terra:	11	#Aqua:	23	#Hybrids:	0	#Spikes:	18	#0.75Plant:	1059	#0.5Meat:	0	#0.5Hazard:	4	#0.5Fruit:	281	RandGenome:	-1757	RandSeed:	1	RandGen:	0	RandMetabolism:	0.343885	RandColorR:	0.000007	RandColorG:	0.991218	RandColorB:	0.999955	TopHGen:	0	TopFGen:	0	TopCGen:	0	TopLGen:	0	TopAGen:	0	#Deaths:	14	DEATHLOG:	Killed by Suffocation .:	7	Killed by Temp Discomfort:	2	Killed by Natural Causes:	3	Killed by a Hazard:	2	
Epoch:	0	#Units:	30	#Herbi:	11	#Frugi:	9	#Carni:	10	#Terra:	7	#Aqua:	23	#Hybrids:	0	#Spikes:	16	#0.75Plant:	1997	#0.5Meat:	0	#0.5Hazard:	7	#0.5Fruit:	536	RandGenome:	-4281	RandSeed:	1	RandGen:	0	RandMetabolism:	0.655857	RandColorR:	0.999635	RandColorG:	0.007402	RandColorB:	0.661374	TopHGen:	0	TopFGen:	0	TopCGen:	0	TopLGen:	0	TopAGen:	0	#Deaths:	44	DEATHLOG:	Killed by a Hazard:	11	Killed by Suffocation .:	20	Killed by Temp Discomfort:	12	Killed by LackOf Oxygen:	1	
Epoch:	0	#Units:	31	#Herbi:	9	#Frugi:	10	#Carni:	12	#Terra:	7	#Aqua:	24	#Hybrids:	0	#Spikes:	15	#0.75Plant:	2003	#0.5Meat:	0	#0.5Hazard:	7	#0.5Fruit:	769	RandGenome:	2939	RandSeed:	1	RandGen:	0	RandMetabolism:	0.745618	RandColorR:	0.782625	RandColorG:	0.539964	RandColorB:	0.244545	TopHGen:	0	TopFGen:	0	TopCGen:	0	TopLGen:	0	TopAGen:	0	#Deaths:	34	DEATHLOG:	Killed by a Hazard:	12	Killed by Temp Discomfort:	13	Killed by Suffocation .:	9	
Epoch:	0	#Units:	32	#Herbi:	13	#Frugi:	11	#Carni:	8	#Terra:	6	#Aqua:	26	#Hybrids:	0	#Spikes:	20	#0.75Plant:	2007	#0.5Meat:	0	#0.5Hazard:	8	#0.5Fruit:	977	RandGenome:	134	RandSeed:	1	RandGen:	0	RandMetabolism:	0.400437	RandColorR:	0.999980	RandColorG:	0.038965	RandColorB:	0.669314	TopHGen:	0	TopFGen:	0	TopCGen:	0	TopLGen:	0	TopAGen:	0	#Deaths:	34	DEATHLOG:	Killed by Suffocation .:	14	Killed by Temp Discomfort:	8	Killed by a Hazard:	11	Killed by Excessive Generosity:	1	
Epoch:	0	#Units:	30	#Herbi:	8	#Frugi:	11	#Carni:	11	#Terra:	8	#Aqua:	22	#Hybrids:	0	#Spikes:	17	#0.75Plant:	2010	#0.5Meat:	0	#0.5Hazard:	11	#0.5Fruit:	1157	RandGenome:	371	RandSeed:	1	RandGen:	0	RandMetabolism:	0.597999	RandColorR:	0.000152	RandColorG:	0.859243	RandColorB:	0.810813	TopHGen:	0	TopFGen:	0	TopCGen:	0	TopLGen:	0	TopAGen:	0	#Deaths:	28	DEATHLOG:	Killed by a Hazard:	9	Killed by Suffocation .:	12	Killed by Temp Discomfort:	5	Killed by Natural Causes:	2	
Epoch:	0	#Units:	29	#Herbi:	11	#Frugi:	7	#Carni:	11	#Terra:	6	#Aqua:	23	#Hybrids:	0	#Spikes:	14	#0.75Plant:	2014	#0.5Meat:	0	#0.5Hazard:	16	#0.5Fruit:	1332	RandGenome:	-5239	RandSeed:	1	RandGen:	0	RandMetabolism:	0.329559	RandColorR:	0.899716	RandColorG:	0.090031	RandColorB:	0.090604	TopHGen:	0	TopFGen:	0	TopCGen:	0	TopLGen:	0	TopAGen:	0	#Deaths:	35	DEATHLOG:	Killed by a Hazard:	14	Killed by Suffocation .:	9	Killed by Temp Discomfort:	11	Killed by Natural Causes:	1	
Epoch:	0	#Units:	32	#Herbi:	12	#Frugi:	10	#Carni:	10	#Terra:	12	#Aqua:	20	#Hybrids:	0	#Spikes:	18	#0.75Plant:	2017	#0.5Meat:	0	#0.5Hazard:	16	#0.5Fruit:	1495	RandGenome:	-5151	RandSeed:	1	RandGen:	0	RandMetabolism:	0.482125	RandColorR:	0.899716	RandColorG:	0.424945	RandColorB:	0.989201	TopHGen:	0	TopFGen:	0	TopCGen:	0	TopLGen:	0	TopAGen:	0	#Deaths:	24	DEATHLOG:	Killed by a Hazard:	7	Killed by Temp Discomfort:	7	Killed by Suffocation .:	9	Killed by LackOf Oxygen:	1	
Epoch:	0	#Units:	31	#Herbi:	10	#Frugi:	14	#Carni:	7	#Terra:	12	#Aqua:	19	#Hybrids:	0	#Spikes:	20	#0.75Plant:	2021	#0.5Meat:	0	#0.5Hazard:	15	#0.5Fruit:	1644	RandGenome:	2669	RandSeed:	1	RandGen:	0	RandMetabolism:	0.431647	RandColorR:	0.506024	RandColorG:	1.000000	RandColorB:	0.064691	TopHGen:	0	TopFGen:	0	TopCGen:	0	TopLGen:	0	TopAGen:	0	#Deaths:	34	DEATHLOG:	Killed by Excessive Generosity:	1	Killed by a Hazard:	7	Killed by Temp Discomfort:	13	Killed by Suffocation .:	12	Killed by Natural Causes:	1	
Epoch:	0	#Units:	32	#Herbi:	6	#Frugi:	13	#Carni:	13	#Terra:	6	#Aqua:	26	#Hybrids:	0	#Spikes:	15	#0.75Plant:	2025	#0.5Meat:	0	#0.5Hazard:	21	#0.5Fruit:	1790	RandGenome:	1764	RandSeed:	1	RandGen:	0	RandMetabolism:	0.423366	RandColorR:	0.576397	RandColorG:	0.653180	RandColorB:	1.000000	TopHGen:	0	TopFGen:	0	TopCGen:	0	TopLGen:	0	TopAGen:	0	#Deaths:	35	DEATHLOG:	Killed by Temp Discomfort:	9	Killed by a Hazard:	16	Killed by Suffocation .:	10	
Epoch:	0	#Units:	34	#Herbi:	11	#Frugi:	11	#Carni:	12	#Terra:	10	#Aqua:	24	#Hybrids:	0	#Spikes:	14	#0.75Plant:	2027	#0.5Meat:	0	#0.5Hazard:	23	#0.5Fruit:	1943	RandGenome:	-1417	RandSeed:	1	RandGen:	0	RandMetabolism:	0.458394	RandColorR:	0.992943	RandColorG:	0.000847	RandColorB:	0.291962	TopHGen:	0	TopFGen:	0	TopCGen:	0	TopLGen:	0	TopAGen:	0	#Deaths:	21	DEATHLOG:	Killed by Suffocation .:	6	Killed by a Hazard:	9	Killed by Temp Discomfort:	6	
Epoch:	1	#Units:	32	#Herbi:	12	#Frugi:	13	#Carni:	7	#Terra:	7	#Aqua:	25	#Hybrids:	0	#Spikes:	14	#0.75Plant:	2029	#0.5Meat:	0	#0.5Hazard:	27	#0.5Fruit:	2088	RandGenome:	-3091	RandSeed:	1	RandGen:	0	RandMetabolism:	0.431280	RandColorR:	0.100552	RandColorG:	0.258003	RandColorB:	0.976808	TopHGen:	0	TopFGen:	0	TopCGen:	0	TopLGen:	0	TopAGen:	0	#Deaths:	30	DEATHLOG:	Killed by Suffocation .:	10	Killed by Natural Causes:	1	Killed by Temp Discomfort:	8	Killed by a Hazard:	11	
Epoch:	1	#Units:	31	#Herbi:	10	#Frugi:	9	#Carni:	12	#Terra:	10	#Aqua:	21	#Hybrids:	0	#Spikes:	12	#0.75Plant:	2032	#0.5Meat:	0	#0.5Hazard:	30	#0.5Fruit:	2237	RandGenome:	-374	RandSeed:	1	RandGen:	0	RandMetabolism:	0.431280	RandColorR:	0.002919	RandColorG:	0.598516	RandColorB:	0.939568	TopHGen:	0	TopFGen:	0	TopCGen:	0	TopLGen:	0	TopAGen:	0	#Deaths:	22	DEATHLOG:	Killed by Temp Discomfort:	11	Killed by a Hazard:	7	Killed by Suffocation .:	4	
Epoch:	1	#Units:	30	#Herbi:	12	#Frugi:	10	#Carni:	8	#Terra:	10	#Aqua:	20	#Hybrids:	0	#Spikes:	14	#0.75Plant:	2037	#0.5Meat:	0	#0.5Hazard:	37	#0.5Fruit:	2390	RandGenome:	2184	RandSeed:	1	RandGen:	0	RandMetabolism:	0.295948	RandColorR:	0.917680	RandColorG:	0.684750	RandColorB:	0.421282	TopHGen:	0	TopFGen:	0	TopCGen:	0	TopLGen:	0	TopAGen:	0	#Deaths:	35	DEATHLOG:	Killed by Temp Discomfort:	10	Killed by Suffocation .:	14	Killed by a Hazard:	9	Killed by Natural Causes:	2	
Epoch:	1	#Units:	30	#Herbi:	10	#Frugi:	12	#Carni:	8	#Terra:	9	#Aqua:	21	#Hybrids:	0	#Spikes:	13	#0.75Plant:	2040	#0.5Meat:	0	#0.5Hazard:	35	#0.5Fruit:	2533	RandGenome:	3775	RandSeed:	1	RandGen:	0	RandMetabolism:	0.279265	RandColorR:	0.718773	RandColorG:	0.892425	RandColorB:	0.828564	TopHGen:	0	TopFGen:	0	TopCGen:	0	TopLGen:	0	TopAGen:	0	#Deaths:	24	DEATHLOG:	Killed by Temp Discomfort:	10	Killed by Suffocation .:	9	Killed by a Hazard:	4	Killed by Excessive Generosity:	1	
Epoch:	1	#Units:	30	#Herbi:	14	#Frugi:	6	#Carni:	10	#Terra:	5	#Aqua:	25	#Hybrids:	0	#Spikes:	15	#0.75Plant:	2043	#0.5Meat:	0	#0.5Hazard:	38	#0.5Fruit:	2668	RandGenome:	4844	RandSeed:	1	RandGen:	0	RandMetabolism:	0.459320	RandColorR:	0.683092	RandColorG:	0.961438	RandColorB:	0.027540	TopHGen:	0	TopFGen:	0	TopCGen:	0	TopLGen:	0	TopAGen:	0	#Deaths:	29	DEATHLOG:	Killed by Temp Discomfort:	9	Killed by a Hazard:	6	Killed by Suffocation .:	14	
Epoch:	1	#Units:	31	#Herbi:	13	#Frugi:	7	#Carni:	11	#Terra:	8	#Aqua:	23	#Hybrids:	0	#Spikes:	24	#0.75Plant:	2046	#0.5Meat:	0	#0.5Hazard:	39	#0.5Fruit:	2824	RandGenome:	2623	RandSeed:	1	RandGen:	0	RandMetabolism:	0.421559	RandColorR:	0.373755	RandColorG:	0.584808	RandColorB:	0.234564	TopHGen:	0	TopFGen:	0	TopCGen:	0	TopLGen:	0	TopAGen:	0	#Deaths:	36	DEATHLOG:	Killed by Temp Discomfort:	13	Killed by Suffocation .:	16	Killed by a Hazard:	6	Killed by LackOf Oxygen:	1	
Epoch:	1	#Units:	30	#Herbi:	7	#Frugi:	11	#Carni:	12	#Terra:	7	#Aqua:	23	#Hybrids:	0	#Spikes:	16	#0.75Plant:	2049	#0.5Meat:	0	#0.5Hazard:	42	#0.5Fruit:	2971	RandGenome:	-4892	RandSeed:	1	RandGen:	0	RandMetabolism:	0.734187	RandColorR:	0.998128	RandColorG:	0.999903	RandColorB:	0.000010	TopHGen:	0	TopFGen:	0	TopCGen:	0	TopLGen:	0	TopAGen:	0	#Deaths:	23	DEATHLOG:	Killed by Temp Discomfort:	6	Killed by Natural Causes:	2	Killed by a Hazard:	6	Killed by Suffocation .:	7	Killed by Excessive Generosity:	1	Killed by LackOf Oxygen:	1	
Epoch:	1	#Units:	31	#Herbi:	12	#Frugi:	10	#Carni:	9	#Terra:	10	#Aqua:	21	#Hybrids:	0	#Spikes:	18	#0.75Plant:	2055	#0.5Meat:	0	#0.5Hazard:	41	#0.5Fruit:	3125	RandGenome:	-2123	RandSeed:	1	RandGen:	0	RandMetabolism:	0.619231	RandColorR:	0.519909	RandColorG:	0.002047	RandColorB:	0.509131	TopHGen:	0	TopFGen:	0	TopCGen:	0	TopLGen:	0	TopAGen:	0	#Deaths:	30	DEATHLOG:	Killed by a Hazard:	11	Killed by Temp Discomfort:	12	Killed by Suffocation .:	7	
Epoch:	1	#Units:	30	#Herbi:	9	#Frugi:	14	#Carni:	7	#Terra:	4	#Aqua:	26	#Hybrids:	0	#Spikes:	19	#0.75Plant:	2059	#0.5Meat:	0	#0.5Hazard:	42	#0.5Fruit:	3274	RandGenome:	3845	RandSeed:	1	RandGen:	0	RandMetabolism:	0.252157	RandColorR:	0.502827	RandColorG:	0.997926	RandColorB:	0.928805	TopHGen:	0	TopFGen:	0	TopCGen:	0	TopLGen:	0	TopAGen:	0	#Deaths:	25	DEATHLOG:	Killed by a Hazard:	6	Killed by Suffocation .:	11	Killed by Temp Discomfort:	7	Killed by Natural Causes:	1	
Epoch:	1	#Units:	31	#Herbi:	14	#Frugi:	9	#Carni:	8	#Terra:	10	#Aqua:	21	#Hybrids:	0	#Spikes:	16	#0.75Plant:	2062	#0.5Meat:	1	#0.5Hazard:	48	#0.5Fruit:	3438	RandGenome:	2776	RandSeed:	1	RandGen:	0	RandMetabolism:	0.682171	RandColorR:	0.785494	RandColorG:	0.901394	RandColorB:	0.951633	TopHGen:	0	TopFGen:	0	TopCGen:	0	TopLGen:	0	TopAGen:	0	#Deaths:	23	DEATHLOG:	Killed by Suffocation .:	6	Killed by a Hazard:	6	Killed by Temp Discomfort:	9	Killed by a Murder:	1	Killed by LackOf Oxygen:	1	
Epoch:	2	#Units:	30	#Herbi:	8	#Frugi:	16	#Carni:	6	#Terra:	9	#Aqua:	21	#Hybrids:	0	#Spikes:	11	#0.75Plant:	2067	#0.5Meat:	1	#0.5Hazard:	48	#0.5Fruit:	3599	RandGenome:	-1848	RandSeed:	1	RandGen:	0	RandMetabolism:	0.642342	RandColorR:	0.999981	RandColorG:	0.541050	RandColorB:	0.988109	TopHGen:	0	TopFGen:	0	TopCGen:	0	TopLGen:	0	TopAGen:	0	#Deaths:	33	DEATHLOG:	Killed by a Hazard:	10	Killed by Temp Discomfort:	13	Killed by Suffocation .:	10	
Epoch:	2	#Units:	30	#Herbi:	10	#Frugi:	12	#Carni:	8	#Terra:	9	#Aqua:	21	#Hybrids:	0	#Spikes:	14	#0.75Plant:	2071	#0.5Meat:	1	#0.5Hazard:	49	#0.5Fruit:	3764	RandGenome:	1313	RandSeed:	1	RandGen:	0	RandMetabolism:	0.365176	RandColorR:	0.597666	RandColorG:	0.375784	RandColorB:	0.999898	TopHGen:	0	TopFGen:	0	TopCGen:	0	TopLGen:	0	TopAGen:	0	#Deaths:	31	DEATHLOG:	Killed by Suffocation .:	10	Killed by Temp Discomfort:	10	Killed by a Hazard:	9	Killed by a Collision:	1	Killed by Natural Causes:	1	
Epoch:	2	#Units:	32	#Herbi:	12	#Frugi:	11	#Carni:	9	#Terra:	6	#Aqua:	26	#Hybrids:	0	#Spikes:	18	#0.75Plant:	2078	#0.5Meat:	1	#0.5Hazard:	53	#0.5Fruit:	3915	RandGenome:	-5043	RandSeed:	1	RandGen:	0	RandMetabolism:	0.340711	RandColorR:	0.361491	RandColorG:	0.608855	RandColorB:	0.991951	TopHGen:	0	TopFGen:	0	TopCGen:	0	TopLGen:	0	TopAGen:	0	#Deaths:	23	DEATHLOG:	Killed by a Hazard:	9	Killed by Suffocation .:	6	Killed by Temp Discomfort:	8	
Epoch:	2	#Units:	30	#Herbi:	10	#Frugi:	10	#Carni:	10	#Terra:	2	#Aqua:	28	#Hybrids:	0	#Spikes:	10	#0.75Plant:	2086	#0.5Meat:	1	#0.5Hazard:	60	#0.5Fruit:	4080	RandGenome:	-1019	RandSeed:	1	RandGen:	0	RandMetabolism:	0.466599	RandColorR:	0.999996	RandColorG:	0.607880	RandColorB:	0.728575	TopHGen:	0	TopFGen:	0	TopCGen:	0	TopLGen:	0	TopAGen:	0	#Deaths:	26	DEATHLOG:	Killed by Suffocation .:	10	Killed by Temp Discomfort:	7	Killed by a Hazard:	8	Killed by a Collision:	1	
Epoch:	2	#Units:	30	#Herbi:	10	#Frugi:	13	#Carni:	7	#Terra:	4	#Aqua:	26	#Hybrids:	0	#Spikes:	15	#0.75Plant:	2092	#0.5Meat:	1	#0.5Hazard:	59	#0.5Fruit:	4258	RandGenome:	48	RandSeed:	1	RandGen:	0	RandMetabolism:	0.449544	RandColorR:	0.891907	RandColorG:	0.527679	RandColorB:	0.661038	TopHGen:	0	TopFGen:	0	TopCGen:	0	TopLGen:	0	TopAGen:	0	#Deaths:	23	DEATHLOG:	Killed by Temp Discomfort:	14	Killed by Suffocation .:	3	Killed by a Hazard:	5	Killed by Natural Causes:	1	
Epoch:	2	#Units:	30	#Herbi:	7	#Frugi:	13	#Carni:	10	#Terra:	5	#Aqua:	25	#Hybrids:	0	#Spikes:	16	#0.75Plant:	2101	#0.5Meat:	1	#0.5Hazard:	64	#0.5Fruit:	4411	RandGenome:	-3992	RandSeed:	1	RandGen:	0	RandMetabolism:	0.503999	RandColorR:	0.000000	RandColorG:	0.960139	RandColorB:	0.954519	TopHGen:	0	TopFGen:	0	TopCGen:	0	TopLGen:	0	TopAGen:	0	#Deaths:	29	DEATHLOG:	Killed by Suffocation .:	11	Killed by Temp Discomfort:	12	Killed by a Hazard:	5	Killed by Natural Causes:	1	
Epoch:	2	#Units:	31	#Herbi:	9	#Frugi:	10	#Carni:	12	#Terra:	13	#Aqua:	18	#Hybrids:	0	#Spikes:	19	#0.75Plant:	2110	#0.5Meat:	0	#0.5Hazard:	66	#0.5Fruit:	4570	RandGenome:	1904	RandSeed:	1	RandGen:	0	RandMetabolism:	0.267798	RandColorR:	0.197922	RandColorG:	0.420775	RandColorB:	0.295653	TopHGen:	0	TopFGen:	0	TopCGen:	0	TopLGen:	0	TopAGen:	0	#Deaths:	29	DEATHLOG:	Killed by a Murder:	3	Killed by Suffocation .:	9	Killed by Temp Discomfort:	12	Killed by a Hazard:	5	
Epoch:	2	#Units:	31	#Herbi:	9	#Frugi:	9	#Carni:	13	#Terra:	6	#Aqua:	25	#Hybrids:	0	#Spikes:	14	#0.75Plant:	2123	#0.5Meat:	0	#0.5Hazard:	71	#0.5Fruit:	4752	RandGenome:	-4032	RandSeed:	1	RandGen:	0	RandMetabolism:	0.333855	RandColorR:	0.173827	RandColorG:	0.267750	RandColorB:	0.811347	TopHGen:	0	TopFGen:	0	TopCGen:	0	TopLGen:	0	TopAGen:	0	#Deaths:	30	DEATHLOG:	Killed by Suffocation .:	11	Killed by a Hazard:	9	Killed by Temp Discomfort:	8	Killed by LackOf Oxygen:	1	Killed by Natural Causes:	1	
Epoch:	2	#Units:	31	#Herbi:	8	#Frugi:	9	#Carni:	14	#Terra:	13	#Aqua:	18	#Hybrids:	0	#Spikes:	12	#0.75Plant:	2136	#0.5Meat:	0	#0.5Hazard:	77	#0.5Fruit:	4909	RandGenome:	1368	RandSeed:	1	RandGen:	0	RandMetabolism:	0.290249	RandColorR:	0.026351	RandColorG:	0.523282	RandColorB:	0.625538	TopHGen:	0	TopFGen:	0	TopCGen:	0	TopLGen:	0	TopAGen:	0	#Deaths:	23	DEATHLOG:	Killed by a Hazard:	7	Killed by Suffocation .:	9	Killed by Temp Discomfort:	7	
Epoch:	2	#Units:	31	#Herbi:	8	#Frugi:	12	#Carni:	11	#Terra:	9	#Aqua:	22	#Hybrids:	0	#Spikes:	12	#0.75Plant:	2147	#0.5Meat:	0	#0.5Hazard:	82	#0.5Fruit:	5080	RandGenome:	5755	RandSeed:	1	RandGen:	0	RandMetabolism:	0.743791	RandColorR:	0.999430	RandColorG:	0.178733	RandColorB:	0.338922	TopHGen:	0	TopFGen:	0	TopCGen:	0	TopLGen:	0	TopAGen:	0	#Deaths:	27	DEATHLOG:	Killed by Suffocation .:	10	Killed by a Hazard:	9	Killed by Temp Discomfort:	7	Killed by Natural Causes:	1	
Epoch:	3	#Units:	30	#Herbi:	11	#Frugi:	12	#Carni:	7	#Terra:	6	#Aqua:	24	#Hybrids:	0	#Spikes:	7	#0.75Plant:	2167	#0.5Meat:	0	#0.5Hazard:	88	#0.5Fruit:	5253	RandGenome:	4827	RandSeed:	1	RandGen:	0	RandMetabolism:	0.283548	RandColorR:	0.000000	RandColorG:	0.678251	RandColorB:	0.613493	TopHGen:	0	TopFGen:	0	TopCGen:	0	TopLGen:	0	TopAGen:	0	#Deaths:	24	DEATHLOG:	Killed by Suffocation .:	7	Killed by a Murder:	1	Killed by a Hazard:	5	Killed by Temp Discomfort:	8	Killed by Excessive Generosity:	1	Killed by Natural Causes:	2	
Epoch:	3	#Units:	31	#Herbi:	14	#Frugi:	9	#Carni:	8	#Terra:	7	#Aqua:	24	#Hybrids:	0	#Spikes:	18	#0.75Plant:	2185	#0.5Meat:	0	#0.5Hazard:	92	#0.5Fruit:	5406	RandGenome:	752	RandSeed:	1	RandGen:	0	RandMetabolism:	0.477275	RandColorR:	0.783497	RandColorG:	0.453866	RandColorB:	0.478334	TopHGen:	0	TopFGen:	0	TopCGen:	0	TopLGen:	0	TopAGen:	0	#Deaths:	28	DEATHLOG:	Killed by a Hazard:	10	Killed by Suffocation .:	8	Killed by Temp Discomfort:	8	Killed by Excessive Generosity:	1	Killed by Natural Causes:	1	
Epoch:	3	#Units:	32	#Herbi:	12	#Frugi:	10	#Carni:	10	#Terra:	6	#Aqua:	26	#Hybrids:	0	#Spikes:	16	#0.75Plant:	2194	#0.5Meat:	0	#0.5Hazard:	93	#0.5Fruit:	5568	RandGenome:	5851	RandSeed:	1	RandGen:	0	RandMetabolism:	0.441421	RandColorR:	0.657460	RandColorG:	0.930403	RandColorB:	0.064998	TopHGen:	0	TopFGen:	0	TopCGen:	0	TopLGen:	0	TopAGen:	0	#Deaths:	20	DEATHLOG:	Killed by Temp Discomfort:	4	Killed by a Hazard:	10	Killed by Suffocation .:	6	
Epoch:	3	#Units:	32	#Herbi:	8	#Frugi:	11	#Carni:	13	#Terra:	10	#Aqua:	22	#Hybrids:	0	#Spikes:	20	#0.75Plant:	2192	#0.5Meat:	0	#0.5Hazard:	93	#0.5Fruit:	5730	RandGenome:	5431	RandSeed:	1	RandGen:	0	RandMetabolism:	0.569470	RandColorR:	0.395163	RandColorG:	0.749628	RandColorB:	1.000000	TopHGen:	0	TopFGen:	0	TopCGen:	0	TopLGen:	0	TopAGen:	0	#Deaths:	26	DEATHLOG:	Killed by a Hazard:	11	Killed by Suffocation .:	9	Killed by Temp Discomfort:	5	Killed by Excessive Generosity:	1	
Epoch:	3	#Units:	32	#Herbi:	11	#Frugi:	9	#Carni:	12	#Terra:	6	#Aqua:	26	#Hybrids:	0	#Spikes:	14	#0.75Plant:	2194	#0.5Meat:	0	#0.5Hazard:	97	#0.5Fruit:	5872	RandGenome:	-4882	RandSeed:	1	RandGen:	0	RandMetabolism:	0.599854	RandColorR:	1.000000	RandColorG:	0.961918	RandColorB:	0.023937	TopHGen:	0	TopFGen:	0	TopCGen:	0	TopLGen:	0	TopAGen:	0	#Deaths:	29	DEATHLOG:	Killed by Suffocation .:	12	Killed by Temp Discomfort:	7	Killed by a Hazard:	8	Killed by a Murder:	1	Killed by Natural Causes:	1	
Epoch:	3	#Units:	32	#Herbi:	7	#Frugi:	11	#Carni:	14	#Terra:	8	#Aqua:	24	#Hybrids:	0	#Spikes:	19	#0.75Plant:	2205	#0.5Meat:	0	#0.5Hazard:	99	#0.5Fruit:	6005	RandGenome:	-5379	RandSeed:	1	RandGen:	0	RandMetabolism:	0.395680	RandColorR:	0.000000	RandColorG:	0.003568	RandColorB:	0.272580	TopHGen:	0	TopFGen:	0	TopCGen:	0	TopLGen:	0	TopAGen:	0	#Deaths:	24	DEATHLOG:	Killed by Suffocation .:	9	Killed by Temp Discomfort:	9	Killed by a Hazard:	6	
Epoch:	3	#Units:	31	#Herbi:	7	#Frugi:	9	#Carni:	15	#Terra:	7	#Aqua:	24	#Hybrids:	0	#Spikes:	16	#0.75Plant:	2222	#0.5Meat:	0	#0.5Hazard:	101	#0.5Fruit:	6137	RandGenome:	3535	RandSeed:	1	RandGen:	0	RandMetabolism:	0.640620	RandColorR:	0.500397	RandColorG:	0.957457	RandColorB:	0.276141	TopHGen:	0	TopFGen:	0	TopCGen:	0	TopLGen:	0	TopAGen:	0	#Deaths:	23	DEATHLOG:	Killed by a Hazard:	6	Killed by Temp Discomfort:	8	Killed by Suffocation .:	6	Killed by Excessive Generosity:	1	Killed by Natural Causes:	2	
Epoch:	3	#Units:	33	#Herbi:	12	#Frugi:	10	#Carni:	11	#Terra:	8	#Aqua:	25	#Hybrids:	0	#Spikes:	17	#0.75Plant:	2251	#0.5Meat:	0	#0.5Hazard:	103	#0.5Fruit:	6281	RandGenome:	-915	RandSeed:	1	RandGen:	0	RandMetabolism:	0.622439	RandColorR:	0.385563	RandColorG:	0.986131	RandColorB:	0.500601	TopHGen:	0	TopFGen:	0	TopCGen:	0	TopLGen:	0	TopAGen:	0	#Deaths:	25	DEATHLOG:	Killed by Temp Discomfort:	10	Killed by a Hazard:	5	Killed by Suffocation .:	10	
Epoch:	3	#Units:	27	#Herbi:	8	#Frugi:	9	#Carni:	10	#Terra:	5	#Aqua:	22	#Hybrids:	0	#Spikes:	17	#0.75Plant:	2257	#0.5Meat:	0	#0.5Hazard:	106	#0.5Fruit:	6421	RandGenome:	3953	RandSeed:	1	RandGen:	0	RandMetabolism:	0.484210	RandColorR:	0.979936	RandColorG:	0.996638	RandColorB:	0.564857	TopHGen:	0	TopFGen:	0	TopCGen:	0	TopLGen:	0	TopAGen:	0	#Deaths:	30	DEATHLOG:	Killed by Temp Discomfort:	11	Killed by a Murder:	1	Killed by a Hazard:	8	Killed by Suffocation .:	8	Killed by Excessive Generosity:	2	
Epoch:	3	#Units:	31	#Herbi:	8	#Frugi:	10	#Carni:	13	#Terra:	4	#Aqua:	27	#Hybrids:	0	#Spikes:	12	#0.75Plant:	2275	#0.5Meat:	0	#0.5Hazard:	111	#0.5Fruit:	6536	RandGenome:	-3162	RandSeed:	1	RandGen:	0	RandMetabolism:	0.427321	RandColorR:	0.994180	RandColorG:	0.983887	RandColorB:	0.456392	TopHGen:	0	TopFGen:	0	TopCGen:	0	TopLGen:	0	TopAGen:	0	#Deaths:	25	DEATHLOG:	Killed by Temp Discomfort:	6	Killed by a Hazard:	4	Killed by Suffocation .:	13	Killed by Natural Causes:	2	
Epoch:	4	#Units:	30	#Herbi:	14	#Frugi:	10	#Carni:	6	#Terra:	5	#Aqua:	25	#Hybrids:	0	#Spikes:	19	#0.75Plant:	2291	#0.5Meat:	1	#0.5Hazard:	116	#0.5Fruit:	6644	RandGenome:	-1406	RandSeed:	1	RandGen:	0	RandMetabolism:	0.490159	RandColorR:	0.534510	RandColorG:	0.396961	RandColorB:	0.998318	TopHGen:	0	TopFGen:	0	TopCGen:	0	TopLGen:	0	TopAGen:	0	#Deaths:	25	DEATHLOG:	Killed by Temp Discomfort:	10	Killed by a Hazard:	9	Killed by Natural Causes:	1	Killed by a Murder:	2	Killed by Suffocation .:	3	
Epoch:	4	#Units:	30	#Herbi:	11	#Frugi:	10	#Carni:	9	#Terra:	3	#Aqua:	27	#Hybrids:	0	#Spikes:	13	#0.75Plant:	2326	#0.5Meat:	1	#0.5Hazard:	124	#0.5Fruit:	6754	RandGenome:	2794	RandSeed:	1	RandGen:	0	RandMetabolism:	0.315731	RandColorR:	1.000000	RandColorG:	0.000000	RandColorB:	0.011293	TopHGen:	0	TopFGen:	0	TopCGen:	0	TopLGen:	0	TopAGen:	0	#Deaths:	23	DEATHLOG:	Killed by a Hazard:	6	Killed by Temp Discomfort:	9	Killed by Suffocation .:	7	Killed by Natural Causes:	1	
Epoch:	4	#Units:	31	#Herbi:	9	#Frugi:	12	#Carni:	10	#Terra:	7	#Aqua:	24	#Hybrids:	0	#Spikes:	11	#0.75Plant:	2343	#0.5Meat:	1	#0.5Hazard:	127	#0.5Fruit:	6880	RandGenome:	-98	RandSeed:	1	RandGen:	0	RandMetabolism:	0.653926	RandColorR:	0.000000	RandColorG:	0.491771	RandColorB:	0.289259	TopHGen:	0	TopFGen:	0	TopCGen:	0	TopLGen:	0	TopAGen:	0	#Deaths:	19	DEATHLOG:	Killed by Suffocation .:	3	Killed by Temp Discomfort:	9	Killed by a Hazard:	7	
Epoch:	4	#Units:	32	#Herbi:	11	#Frugi:	13	#Carni:	8	#Terra:	11	#Aqua:	21	#Hybrids:	0	#Spikes:	18	#0.75Plant:	2372	#0.5Meat:	1	#0.5Hazard:	135	#0.5Fruit:	6976	RandGenome:	1291	RandSeed:	1	RandGen:	0	RandMetabolism:	0.438660	RandColorR:	0.579691	RandColorG:	0.839846	RandColorB:	0.993685	TopHGen:	0	TopFGen:	0	TopCGen:	0	TopLGen:	0	TopAGen:	0	#Deaths:	21	DEATHLOG:	Killed by a Hazard:	8	Killed by Temp Discomfort:	9	Killed by Suffocation .:	3	Killed by Natural Causes:	1	
Epoch:	4	#Units:	32	#Herbi:	7	#Frugi:	10	#Carni:	15	#Terra:	10	#Aqua:	22	#Hybrids:	0	#Spikes:	23	#0.75Plant:	2391	#0.5Meat:	1	#0.5Hazard:	134	#0.5Fruit:	7067	RandGenome:	-1389	RandSeed:	1	RandGen:	0	RandMetabolism:	0.657603	RandColorR:	0.043587	RandColorG:	0.001086	RandColorB:	0.311182	TopHGen:	0	TopFGen:	0	TopCGen:	0	TopLGen:	0	TopAGen:	0	#Deaths:	21	DEATHLOG:	Killed by Temp Discomfort:	8	Killed by Suffocation .:	10	Killed by Natural Causes:	1	Killed by a Hazard:	2	
Epoch:	4	#Units:	31	#Herbi:	12	#Frugi:	9	#Carni:	10	#Terra:	5	#Aqua:	26	#Hybrids:	0	#Spikes:	18	#0.75Plant:	2409	#0.5Meat:	1	#0.5Hazard:	137	#0.5Fruit:	7162	RandGenome:	-98	RandSeed:	1	RandGen:	0	RandMetabolism:	0.347579	RandColorR:	0.427845	RandColorG:	0.019661	RandColorB:	0.307310	TopHGen:	0	TopFGen:	0	TopCGen:	0	TopLGen:	0	TopAGen:	0	#Deaths:	25	DEATHLOG:	Killed by Suffocation .:	7	Killed by Temp Discomfort:	12	Killed by a Hazard:	5	Killed by Natural Causes:	1	
Epoch:	4	#Units:	32	#Herbi:	14	#Frugi:	9	#Carni:	9	#Terra:	3	#Aqua:	29	#Hybrids:	0	#Spikes:	18	#0.75Plant:	2434	#0.5Meat:	1	#0.5Hazard:	141	#0.5Fruit:	7268	RandGenome:	-5020	RandSeed:	1	RandGen:	0	RandMetabolism:	0.600040	RandColorR:	0.501507	RandColorG:	0.712165	RandColorB:	0.006565	TopHGen:	0	TopFGen:	0	TopCGen:	0	TopLGen:	0	TopAGen:	0	#Deaths:	14	DEATHLOG:	Killed by Suffocation .:	4	Killed by a Hazard:	7	Killed by Temp Discomfort:	3	
Epoch:	4	#Units:	31	#Herbi:	12	#Frugi:	13	#Carni:	6	#Terra:	5	#Aqua:	26	#Hybrids:	0	#Spikes:	18	#0.75Plant:	2455	#0.5Meat:	1	#0.5Hazard:	143	#0.5Fruit:	7351	RandGenome:	-1368	RandSeed:	1	RandGen:	0	RandMetabolism:	0.646741	RandColorR:	0.867595	RandColorG:	0.317603	RandColorB:	0.968470	TopHGen:	0	TopFGen:	0	TopCGen:	0	TopLGen:	0	TopAGen:	0	#Deaths:	16	DEATHLOG:	Killed by Temp Discomfort:	8	Killed by Natural Causes:	1	Killed by Suffocation .:	4	Killed by a Hazard:	3	
Epoch:	4	#Units:	29	#Herbi:	10	#Frugi:	11	#Carni:	8	#Terra:	8	#Aqua:	21	#Hybrids:	0	#Spikes:	14	#0.75Plant:	2490	#0.5Meat:	1	#0.5Hazard:	148	#0.5Fruit:	7437	RandGenome:	-1840	RandSeed:	1	RandGen:	0	RandMetabolism:	0.634630	RandColorR:	0.540946	RandColorG:	0.024990	RandColorB:	0.999724	TopHGen:	0	TopFGen:	0	TopCGen:	0	TopLGen:	0	TopAGen:	0	#Deaths:	27	DEATHLOG:	Killed by Temp Discomfort:	15	Killed by a Hazard:	7	Killed by Natural Causes:	1	Killed by Suffocation .:	4	
Epoch:	4	#Units:	32	#Herbi:	10	#Frugi:	11	#Carni:	11	#Terra:	11	#Aqua:	21	#Hybrids:	0	#Spikes:	17	#0.75Plant:	2516	#0.5Meat:	1	#0.5Hazard:	151	#0.5Fruit:	7518	RandGenome:	-4690	RandSeed:	1	RandGen:	0	RandMetabolism:	0.590631	RandColorR:	0.000090	RandColorG:	0.998145	RandColorB:	0.000009	TopHGen:	0	TopFGen:	0	TopCGen:	0	TopLGen:	0	TopAGen:	0	#Deaths:	28	DEATHLOG:	Killed by Suffocation .:	17	Killed by a Hazard:	4	Killed by Temp Discomfort:	5	Killed by Natural Causes:	2	
Epoch:	5	#Units:	30	#Herbi:	8	#Frugi:	13	#Carni:	9	#Terra:	7	#Aqua:	23	#Hybrids:	0	#Spikes:	18	#0.75Plant:	2558	#0.5Meat:	1	#0.5Hazard:	158	#0.5Fruit:	7588	RandGenome:	810	RandSeed:	1	RandGen:	0	RandMetabolism:	0.609382	RandColorR:	0.995902	RandColorG:	0.765583	RandColorB:	0.947793	TopHGen:	0	TopFGen:	0	TopCGen:	0	TopLGen:	0	TopAGen:	0	#Deaths:	25	DEATHLOG:	Killed by Suffocation .:	8	Killed by a Hazard:	4	Killed by a Murder:	1	Killed by Temp Discomfort:	10	Killed by Natural Causes:	2	
Epoch:	5	#Units:	33	#Herbi:	7	#Frugi:	13	#Carni:	13	#Terra:	8	#Aqua:	25	#Hybrids:	0	#Spikes:	18	#0.75Plant:	2584	#0.5Meat:	1	#0.5Hazard:	159	#0.5Fruit:	7687	RandGenome:	4608	RandSeed:	1	RandGen:	0	RandMetabolism:	0.435752	RandColorR:	0.337977	RandColorG:	0.481834	RandColorB:	0.636529	TopHGen:	0	TopFGen:	0	TopCGen:	0	TopLGen:	0	TopAGen:	0	#Deaths:	21	DEATHLOG:	Killed by Suffocation .:	8	Killed by Temp Discomfort:	8	Killed by Natural Causes:	1	Killed by a Hazard:	4	
Epoch:	5	#Units:	32	#Herbi:	10	#Frugi:	10	#Carni:	12	#Terra:	10	#Aqua:	22	#Hybrids:	0	#Spikes:	19	#0.75Plant:	2636	#0.5Meat:	1	#0.5Hazard:	160	#0.5Fruit:	7776	RandGenome:	-5403	RandSeed:	1	RandGen:	0	RandMetabolism:	0.524118	RandColorR:	0.447061	RandColorG:	0.996540	RandColorB:	0.999961	TopHGen:	0	TopFGen:	0	TopCGen:	0	TopLGen:	0	TopAGen:	0	#Deaths:	24	DEATHLOG:	Killed by Suffocation .:	7	Killed by Temp Discomfort:	10	Killed by a Hazard:	6	Killed by Excessive Generosity:	1	
Epoch:	5	#Units:	32	#Herbi:	10	#Frugi:	10	#Carni:	12	#Terra:	8	#Aqua:	24	#Hybrids:	0	#Spikes:	17	#0.75Plant:	2661	#0.5Meat:	1	#0.5Hazard:	168	#0.5Fruit:	7867	RandGenome:	-1566	RandSeed:	1	RandGen:	0	RandMetabolism:	0.516594	RandColorR:	0.000000	RandColorG:	0.025064	RandColorB:	0.999040	TopHGen:	0	TopFGen:	0	TopCGen:	0	TopLGen:	0	TopAGen:	0	#Deaths:	17	DEATHLOG:	Killed by a Hazard:	7	Killed by Suffocation .:	7	Killed by Temp Discomfort:	2	Killed by a Collision:	1	
Epoch:	5	#Units:	30	#Herbi:	9	#Frugi:	8	#Carni:	13	#Terra:	4	#Aqua:	26	#Hybrids:	0	#Spikes:	17	#0.75Plant:	2708	#0.5Meat:	1	#0.5Hazard:	174	#0.5Fruit:	7931	RandGenome:	-4791	RandSeed:	1	RandGen:	0	RandMetabolism:	0.341601	RandColorR:	0.514728	RandColorG:	0.032654	RandColorB:	0.888553	TopHGen:	0	TopFGen:	0	TopCGen:	0	TopLGen:	0	TopAGen:	0	#Deaths:	20	DEATHLOG:	Killed by Temp Discomfort:	13	Killed by a Hazard:	5	Killed by Suffocation .:	2	
Epoch:	5	#Units:	31	#Herbi:	11	#Frugi:	9	#Carni:	11	#Terra:	6	#Aqua:	25	#Hybrids:	0	#Spikes:	14	#0.75Plant:	2752	#0.5Meat:	0	#0.5Hazard:	177	#0.5Fruit:	8001	RandGenome:	497	RandSeed:	1	RandGen:	0	RandMetabolism:	0.673722	RandColorR:	0.988098	RandColorG:	0.000758	RandColorB:	0.712379	TopHGen:	0	TopFGen:	0	TopCGen:	0	TopLGen:	0	TopAGen:	0	#Deaths:	19	DEATHLOG:	Killed by a Hazard:	7	Killed by Temp Discomfort:	5	Killed by Suffocation .:	5	Killed by a Murder:	1	Killed by Natural Causes:	1	
Epoch:	5	#Units:	32	#Herbi:	8	#Frugi:	8	#Carni:	16	#Terra:	5	#Aqua:	27	#Hybrids:	0	#Spikes:	13	#0.75Plant:	2792	#0.5Meat:	0	#0.5Hazard:	183	#0.5Fruit:	8062	RandGenome:	2075	RandSeed:	1	RandGen:	0	RandMetabolism:	0.539068	RandColorR:	0.999972	RandColorG:	0.206561	RandColorB:	0.982969	TopHGen:	0	TopFGen:	0	TopCGen:	0	TopLGen:	0	TopAGen:	0	#Deaths:	22	DEATHLOG:	Killed by Temp Discomfort:	10	Killed by a Hazard:	6	Killed by Suffocation .:	6	
Epoch:	5	#Units:	33	#Herbi:	9	#Frugi:	10	#Carni:	14	#Terra:	7	#Aqua:	26	#Hybrids:	0	#Spikes:	18	#0.75Plant:	2855	#0.5Meat:	0	#0.5Hazard:	189	#0.5Fruit:	8138	RandGenome:	-711	RandSeed:	1	RandGen:	0	RandMetabolism:	0.601312	RandColorR:	0.475749	RandColorG:	0.370430	RandColorB:	0.334035	TopHGen:	0	TopFGen:	0	TopCGen:	0	TopLGen:	0	TopAGen:	0	#Deaths:	24	DEATHLOG:	Killed by Temp Discomfort:	6	Killed by Suffocation .:	8	Killed by a Hazard:	7	Killed by Excessive Generosity:	1	Killed by Natural Causes:	2	
Epoch:	5	#Units:	32	#Herbi:	12	#Frugi:	10	#Carni:	10	#Terra:	7	#Aqua:	25	#Hybrids:	0	#Spikes:	20	#0.75Plant:	2923	#0.5Meat:	0	#0.5Hazard:	193	#0.5Fruit:	8200	RandGenome:	-6000	RandSeed:	1	RandGen:	0	RandMetabolism:	0.419699	RandColorR:	0.043040	RandColorG:	0.997095	RandColorB:	0.000067	TopHGen:	0	TopFGen:	0	TopCGen:	0	TopLGen:	0	TopAGen:	0	#Deaths:	19	DEATHLOG:	Killed by Temp Discomfort:	6	Killed by a Murder:	1	Killed by Suffocation .:	6	Killed by a Hazard:	6	
Epoch:	5	#Units:	30	#Herbi:	11	#Frugi:	10	#Carni:	9	#Terra:	6	#Aqua:	24	#Hybrids:	0	#Spikes:	19	#0.75Plant:	3007	#0.5Meat:	0	#0.5Hazard:	201	#0.5Fruit:	8270	RandGenome:	-2223	RandSeed:	1	RandGen:	0	RandMetabolism:	0.419699	RandColorR:	0.154896	RandColorG:	0.997621	RandColorB:	0.826998	TopHGen:	0	TopFGen:	0	TopCGen:	0	TopLGen:	0	TopAGen:	0	#Deaths:	22	DEATHLOG:	Killed by Temp Discomfort:	6	Killed by Suffocation .:	5	Killed by Natural Causes:	1	Killed by a Hazard:	8	Killed by a Murder:	1	Killed by Excessive Generosity:	1	
Epoch:	6	#Units:	30	#Herbi:	10	#Frugi:	10	#Carni:	10	#Terra:	5	#Aqua:	25	#Hybrids:	0	#Spikes:	15	#0.75Plant:	3089	#0.5Meat:	0	#0.5Hazard:	205	#0.5Fruit:	8354	RandGenome:	-3019	RandSeed:	1	RandGen:	0	RandMetabolism:	0.583228	RandColorR:	0.398160	RandColorG:	0.884467	RandColorB:	0.009669	TopHGen:	0	TopFGen:	0	TopCGen:	0	TopLGen:	0	TopAGen:	0	#Deaths:	23	DEATHLOG:	Killed by a Hazard:	4	Killed by Temp Discomfort:	9	Killed by Suffocation .:	8	Killed by a Murder:	1	Killed by Natural Causes:	1	
Epoch:	6	#Units:	31	#Herbi:	9	#Frugi:	12	#Carni:	10	#Terra:	5	#Aqua:	26	#Hybrids:	0	#Spikes:	13	#0.75Plant:	3175	#0.5Meat:	0	#0.5Hazard:	206	#0.5Fruit:	8420	RandGenome:	467	RandSeed:	1	RandGen:	0	RandMetabolism:	0.437513	RandColorR:	0.526074	RandColorG:	0.016575	RandColorB:	0.155160	TopHGen:	0	TopFGen:	0	TopCGen:	0	TopLGen:	0	TopAGen:	0	#Deaths:	20	DEATHLOG:	Killed by a Hazard:	9	Killed by Temp Discomfort:	6	Killed by Suffocation .:	5	
Epoch:	6	#Units:	31	#Herbi:	11	#Frugi:	13	#Carni:	7	#Terra:	3	#Aqua:	28	#Hybrids:	0	#Spikes:	16	#0.75Plant:	3248	#0.5Meat:	0	#0.5Hazard:	210	#0.5Fruit:	8477	RandGenome:	3404	RandSeed:	1	RandGen:	0	RandMetabolism:	0.539592	RandColorR:	0.024612	RandColorG:	0.000064	RandColorB:	0.021844	TopHGen:	0	TopFGen:	0	TopCGen:	0	TopLGen:	0	TopAGen:	0	#Deaths:	22	DEATHLOG:	Killed by Suffocation .:	9	Killed by Temp Discomfort:	6	Killed by a Hazard:	6	Killed by LackOf Oxygen:	1	
Epoch:	6	#Units:	35	#Herbi:	13	#Frugi:	14	#Carni:	8	#Terra:	10	#Aqua:	25	#Hybrids:	0	#Spikes:	20	#0.75Plant:	3320	#0.5Meat:	0	#0.5Hazard:	216	#0.5Fruit:	8529	RandGenome:	-5112	RandSeed:	1	RandGen:	0	RandMetabolism:	0.642397	RandColorR:	0.523075	RandColorG:	0.000066	RandColorB:	0.135242	TopHGen:	0	TopFGen:	0	TopCGen:	0	TopLGen:	0	TopAGen:	0	#Deaths:	20	DEATHLOG:	Killed by Temp Discomfort:	9	Killed by a Hazard:	3	Killed by Suffocation .:	8	
Epoch:	6	#Units:	31	#Herbi:	13	#Frugi:	12	#Carni:	6	#Terra:	7	#Aqua:	24	#Hybrids:	0	#Spikes:	11	#0.75Plant:	3388	#0.5Meat:	0	#0.5Hazard:	216	#0.5Fruit:	8596	RandGenome:	1459	RandSeed:	1	RandGen:	0	RandMetabolism:	0.665131	RandColorR:	0.051324	RandColorG:	0.000000	RandColorB:	0.136520	TopHGen:	0	TopFGen:	0	TopCGen:	0	TopLGen:	0	TopAGen:	0	#Deaths:	18	DEATHLOG:	Killed by Suffocation .:	8	Killed by a Hazard:	5	Killed by Temp Discomfort:	4	Killed by Natural Causes:	1	
Epoch:	6	#Units:	32	#Herbi:	10	#Frugi:	12	#Carni:	10	#Terra:	7	#Aqua:	25	#Hybrids:	0	#Spikes:	15	#0.75Plant:	3450	#0.5Meat:	0	#0.5Hazard:	217	#0.5Fruit:	8660	RandGenome:	2671	RandSeed:	1	RandGen:	0	RandMetabolism:	0.500010	RandColorR:	0.940562	RandColorG:	0.000000	RandColorB:	0.000873	TopHGen:	0	TopFGen:	0	TopCGen:	0	TopLGen:	0	TopAGen:	0	#Deaths:	15	DEATHLOG:	Killed by Suffocation .:	5	Killed by Temp Discomfort:	6	Killed by Natural Causes:	1	Killed by a Hazard:	3	
Epoch:	6	#Units:	32	#Herbi:	13	#Frugi:	10	#Carni:	9	#Terra:	4	#Aqua:	28	#Hybrids:	0	#Spikes:	17	#0.75Plant:	3524	#0.5Meat:	0	#0.5Hazard:	220	#0.5Fruit:	8732	RandGenome:	4404	RandSeed:	1	RandGen:	0	RandMetabolism:	0.383197	RandColorR:	0.114698	RandColorG:	0.589321	RandColorB:	0.842636	TopHGen:	0	TopFGen:	0	TopCGen:	0	TopLGen:	0	TopAGen:	0	#Deaths:	18	DEATHLOG:	Killed by a Hazard:	7	Killed by Suffocation .:	7	Killed by Temp Discomfort:	3	Killed by Natural Causes:	1	
Epoch:	6	#Units:	30	#Herbi:	14	#Frugi:	7	#Carni:	9	#Terra:	4	#Aqua:	26	#Hybrids:	0	#Spikes:	15	#0.75Plant:	3602	#0.5Meat:	0	#0.5Hazard:	220	#0.5Fruit:	8798	RandGenome:	5846	RandSeed:	1	RandGen:	0	RandMetabolism:	0.349572	RandColorR:	0.998134	RandColorG:	0.137921	RandColorB:	0.969577	TopHGen:	0	TopFGen:	0	TopCGen:	0	TopLGen:	0	TopAGen:	0	#Deaths:	18	DEATHLOG:	Killed by Suffocation .:	7	Killed by Natural Causes:	1	Killed by Temp Discomfort:	4	Killed by a Hazard:	6	
Epoch:	6	#Units:	32	#Herbi:	16	#Frugi:	7	#Carni:	9	#Terra:	7	#Aqua:	25	#Hybrids:	0	#Spikes:	13	#0.75Plant:	3662	#0.5Meat:	0	#0.5Hazard:	225	#0.5Fruit:	8876	RandGenome:	1320	RandSeed:	1	RandGen:	0	RandMetabolism:	0.686156	RandColorR:	0.566558	RandColorG:	0.666458	RandColorB:	0.956820	TopHGen:	0	TopFGen:	0	TopCGen:	0	TopLGen:	0	TopAGen:	0	#Deaths:	14	DEATHLOG:	Killed by Suffocation .:	5	Killed by a Hazard:	5	Killed by Temp Discomfort:	3	Killed by Excessive Generosity:	1	
Epoch:	6	#Units:	32	#Herbi:	13	#Frugi:	11	#Carni:	8	#Terra:	7	#Aqua:	25	#Hybrids:	0	#Spikes:	18	#0.75Plant:	3726	#0.5Meat:	0	#0.5Hazard:	229	#0.5Fruit:	8927	RandGenome:	467	RandSeed:	1	RandGen:	0	RandMetabolism:	0.711796	RandColorR:	0.583804	RandColorG:	0.000003	RandColorB:	0.486994	TopHGen:	0	TopFGen:	0	TopCGen:	0	TopLGen:	0	TopAGen:	0	#Deaths:	12	DEATHLOG:	Killed by Suffocation .:	4	Killed by a Hazard:	4	Killed by Temp Discomfort:	4	
Epoch:	7	#Units:	31	#Herbi:	14	#Frugi:	10	#Carni:	7	#Terra:	6	#Aqua:	25	#Hybrids:	0	#Spikes:	13	#0.75Plant:	3797	#0.5Meat:	0	#0.5Hazard:	232	#0.5Fruit:	8992	RandGenome:	340	RandSeed:	1	RandGen:	0	RandMetabolism:	0.459363	RandColorR:	0.000000	RandColorG:	0.530889	RandColorB:	0.936239	TopHGen:	0	TopFGen:	0	TopCGen:	0	TopLGen:	0	TopAGen:	0	#Deaths:	13	DEATHLOG:	Killed by Suffocation .:	4	Killed by a Hazard:	3	Killed by Temp Discomfort:	5	Killed by LackOf Oxygen:	1	
Epoch:	7	#Units:	32	#Herbi:	17	#Frugi:	7	#Carni:	8	#Terra:	6	#Aqua:	26	#Hybrids:	0	#Spikes:	15	#0.75Plant:	3803	#0.5Meat:	0	#0.5Hazard:	232	#0.5Fruit:	9058	RandGenome:	-4255	RandSeed:	1	RandGen:	0	RandMetabolism:	0.459363	RandColorR:	0.999962	RandColorG:	0.053659	RandColorB:	0.123618	TopHGen:	0	TopFGen:	0	TopCGen:	0	TopLGen:	0	TopAGen:	0	#Deaths:	14	DEATHLOG:	Killed by Suffocation .:	5	Killed by Natural Causes:	1	Killed by Temp Discomfort:	4	Killed by a Hazard:	4	
Epoch:	7	#Units:	29	#Herbi:	15	#Frugi:	5	#Carni:	9	#Terra:	8	#Aqua:	21	#Hybrids:	0	#Spikes:	13	#0.75Plant:	3869	#0.5Meat:	0	#0.5Hazard:	240	#0.5Fruit:	9113	RandGenome:	-5059	RandSeed:	1	RandGen:	0	RandMetabolism:	0.642673	RandColorR:	0.995242	RandColorG:	0.128756	RandColorB:	0.014250	TopHGen:	0	TopFGen:	0	TopCGen:	0	TopLGen:	0	TopAGen:	0	#Deaths:	21	DEATHLOG:	Killed by Temp Discomfort:	7	Killed by a Hazard:	5	Killed by Natural Causes:	1	Killed by Suffocation .:	7	Killed by Excessive Generosity:	1	
Epoch:	7	#Units:	31	#Herbi:	15	#Frugi:	9	#Carni:	7	#Terra:	9	#Aqua:	22	#Hybrids:	0	#Spikes:	17	#0.75Plant:	3952	#0.5Meat:	0	#0.5Hazard:	241	#0.5Fruit:	9198	RandGenome:	5816	RandSeed:	1	RandGen:	0	RandMetabolism:	0.253630	RandColorR:	0.985936	RandColorG:	0.020862	RandColorB:	0.301414	TopHGen:	0	TopFGen:	0	TopCGen:	0	TopLGen:	0	TopAGen:	0	#Deaths:	15	DEATHLOG:	Killed by a Hazard:	7	Killed by Suffocation .:	5	Killed by Temp Discomfort:	3	
Epoch:	7	#Units:	30	#Herbi:	10	#Frugi:	10	#Carni:	10	#Terra:	7	#Aqua:	23	#Hybrids:	0	#Spikes:	17	#0.75Plant:	4046	#0.5Meat:	0	#0.5Hazard:	245	#0.5Fruit:	9295	RandGenome:	3344	RandSeed:	1	RandGen:	0	RandMetabolism:	0.339062	RandColorR:	0.940044	RandColorG:	0.012311	RandColorB:	0.147851	TopHGen:	0	TopFGen:	0	TopCGen:	0	TopLGen:	0	TopAGen:	0	#Deaths:	22	DEATHLOG:	Killed by Temp Discomfort:	5	Killed by Suffocation .:	9	Killed by a Hazard:	6	Killed by Excessive Generosity:	2	
Epoch:	7	#Units:	30	#Herbi:	11	#Frugi:	9	#Carni:	10	#Terra:	5	#Aqua:	25	#Hybrids:	0	#Spikes:	16	#0.75Plant:	4103	#0.5Meat:	0	#0.5Hazard:	246	#0.5Fruit:	9361	RandGenome:	-3933	RandSeed:	1	RandGen:	0	RandMetabolism:	0.459395	RandColorR:	0.925953	RandColorG:	0.706363	RandColorB:	0.891640	TopHGen:	0	TopFGen:	0	TopCGen:	0	TopLGen:	0	TopAGen:	0	#Deaths:	17	DEATHLOG:	Killed by a Hazard:	4	Killed by Suffocation .:	10	Killed by Temp Discomfort:	3	
Epoch:	7	#Units:	32	#Herbi:	10	#Frugi:	14	#Carni:	8	#Terra:	6	#Aqua:	26	#Hybrids:	0	#Spikes:	18	#0.75Plant:	4164	#0.5Meat:	0	#0.5Hazard:	253	#0.5Fruit:	9424	RandGenome:	-5596	RandSeed:	1	RandGen:	0	RandMetabolism:	0.399634	RandColorR:	0.207262	RandColorG:	0.999354	RandColorB:	0.249240	TopHGen:	0	TopFGen:	0	TopCGen:	0	TopLGen:	0	TopAGen:	0	#Deaths:	16	DEATHLOG:	Killed by Temp Discomfort:	5	Killed by a Hazard:	4	Killed by Suffocation .:	5	Killed by Excessive Generosity:	1	Killed by LackOf Oxygen:	1	
Epoch:	7	#Units:	30	#Herbi:	12	#Frugi:	11	#Carni:	7	#Terra:	9	#Aqua:	21	#Hybrids:	0	#Spikes:	17	#0.75Plant:	4221	#0.5Meat:	0	#0.5Hazard:	258	#0.5Fruit:	9491	RandGenome:	-1577	RandSeed:	1	RandGen:	0	RandMetabolism:	0.709957	RandColorR:	0.634318	RandColorG:	0.999997	RandColorB:	0.860075	TopHGen:	0	TopFGen:	0	TopCGen:	0	TopLGen:	0	TopAGen:	0	#Deaths:	16	DEATHLOG:	Killed by a Hazard:	5	Killed by Temp Discomfort:	5	Killed by Natural Causes:	1	Killed by Suffocation .:	4	Killed by Excessive Generosity:	1	
Epoch:	7	#Units:	34	#Herbi:	17	#Frugi:	11	#Carni:	6	#Terra:	6	#Aqua:	28	#Hybrids:	0	#Spikes:	18	#0.75Plant:	4330	#0.5Meat:	0	#0.5Hazard:	261	#0.5Fruit:	9553	RandGenome:	3088	RandSeed:	1	RandGen:	0	RandMetabolism:	0.370109	RandColorR:	0.068340	RandColorG:	0.871278	RandColorB:	0.341028	TopHGen:	0	TopFGen:	0	TopCGen:	0	TopLGen:	0	TopAGen:	0	#Deaths:	13	DEATHLOG:	Killed by Suffocation .:	4	Killed by Temp Discomfort:	6	Killed by a Hazard:	3	
Epoch:	7	#Units:	32	#Herbi:	14	#Frugi:	10	#Carni:	8	#Terra:	6	#Aqua:	26	#Hybrids:	0	#Spikes:	17	#0.75Plant:	4415	#0.5Meat:	0	#0.5Hazard:	269	#0.5Fruit:	9607	RandGenome:	-5308	RandSeed:	1	RandGen:	0	RandMetabolism:	0.705591	RandColorR:	0.401331	RandColorG:	0.528339	RandColorB:	0.354482	TopHGen:	0	TopFGen:	0	TopCGen:	0	TopLGen:	0	TopAGen:	0	#Deaths:	15	DEATHLOG:	Killed by a Hazard:	5	Killed by Suffocation .:	4	Killed by Temp Discomfort:	5	Killed by Natural Causes:	1	
Epoch:	8	#Units:	32	#Herbi:	15	#Frugi:	10	#Carni:	7	#Terra:	4	#Aqua:	28	#Hybrids:	0	#Spikes:	12	#0.75Plant:	4486	#0.5Meat:	0	#0.5Hazard:	268	#0.5Fruit:	9654	RandGenome:	2744	RandSeed:	1	RandGen:	0	RandMetabolism:	0.455148	RandColorR:	0.983918	RandColorG:	0.000000	RandColorB:	0.484178	TopHGen:	0	TopFGen:	0	TopCGen:	0	TopLGen:	0	TopAGen:	0	#Deaths:	18	DEATHLOG:	Killed by Suffocation .:	5	Killed by a Hazard:	4	Killed by Temp Discomfort:	7	Killed by Natural Causes:	1	Killed by Excessive Generosity:	1	
Epoch:	8	#Units:	31	#Herbi:	13	#Frugi:	12	#Carni:	6	#Terra:	8	#Aqua:	23	#Hybrids:	0	#Spikes:	15	#0.75Plant:	4580	#0.5Meat:	0	#0.5Hazard:	275	#0.5Fruit:	9733	RandGenome:	3176	RandSeed:	1	RandGen:	0	RandMetabolism:	0.597729	RandColorR:	0.950294	RandColorG:	0.513053	RandColorB:	0.984672	TopHGen:	0	TopFGen:	0	TopCGen:	0	TopLGen:	0	TopAGen:	0	#Deaths:	16	DEATHLOG:	Killed by Temp Discomfort:	4	Killed by a Hazard:	7	Killed by Suffocation .:	5	
Epoch:	8	#Units:	33	#Herbi:	17	#Frugi:	11	#Carni:	5	#Terra:	9	#Aqua:	24	#Hybrids:	0	#Spikes:	15	#0.75Plant:	4671	#0.5Meat:	0	#0.5Hazard:	278	#0.5Fruit:	9805	RandGenome:	-5064	RandSeed:	1	RandGen:	0	RandMetabolism:	0.530131	RandColorR:	0.978520	RandColorG:	0.832226	RandColorB:	0.033031	TopHGen:	0	TopFGen:	0	TopCGen:	0	TopLGen:	0	TopAGen:	0	#Deaths:	13	DEATHLOG:	Killed by Temp Discomfort:	6	Killed by a Hazard:	6	Killed by Excessive Generosity:	1	
Epoch:	8	#Units:	30	#Herbi:	16	#Frugi:	10	#Carni:	4	#Terra:	7	#Aqua:	23	#Hybrids:	0	#Spikes:	16	#0.75Plant:	4709	#0.5Meat:	0	#0.5Hazard:	282	#0.5Fruit:	9893	RandGenome:	-4345	RandSeed:	1	RandGen:	0	RandMetabolism:	0.542494	RandColorR:	0.984471	RandColorG:	0.426938	RandColorB:	0.484012	TopHGen:	0	TopFGen:	0	TopCGen:	0	TopLGen:	0	TopAGen:	0	#Deaths:	19	DEATHLOG:	Killed by a Hazard:	10	Killed by Suffocation .:	3	Killed by Temp Discomfort:	5	Killed by a Murder:	1	
Epoch:	8	#Units:	31	#Herbi:	15	#Frugi:	12	#Carni:	4	#Terra:	7	#Aqua:	24	#Hybrids:	0	#Spikes:	15	#0.75Plant:	4803	#0.5Meat:	0	#0.5Hazard:	290	#0.5Fruit:	9972	RandGenome:	-329	RandSeed:	1	RandGen:	0	RandMetabolism:	0.508720	RandColorR:	0.996711	RandColorG:	0.999999	RandColorB:	0.000196	TopHGen:	0	TopFGen:	0	TopCGen:	0	TopLGen:	0	TopAGen:	0	#Deaths:	12	DEATHLOG:	Killed by Suffocation .:	4	Killed by Temp Discomfort:	4	Killed by a Hazard:	3	Killed by Natural Causes:	1	
Epoch:	8	#Units:	32	#Herbi:	15	#Frugi:	10	#Carni:	7	#Terra:	6	#Aqua:	26	#Hybrids:	0	#Spikes:	16	#0.75Plant:	4918	#0.5Meat:	0	#0.5Hazard:	294	#0.5Fruit:	10034	RandGenome:	-1532	RandSeed:	1	RandGen:	0	RandMetabolism:	0.633046	RandColorR:	0.560412	RandColorG:	0.940474	RandColorB:	0.054315	TopHGen:	0	TopFGen:	0	TopCGen:	0	TopLGen:	0	TopAGen:	0	#Deaths:	9	DEATHLOG:	Killed by a Hazard:	5	Killed by Suffocation .:	2	Killed by Temp Discomfort:	2	
Epoch:	8	#Units:	30	#Herbi:	13	#Frugi:	7	#Carni:	10	#Terra:	7	#Aqua:	23	#Hybrids:	0	#Spikes:	16	#0.75Plant:	4982	#0.5Meat:	0	#0.5Hazard:	292	#0.5Fruit:	10114	RandGenome:	-3222	RandSeed:	1	RandGen:	0	RandMetabolism:	0.610616	RandColorR:	0.002700	RandColorG:	0.961915	RandColorB:	0.573793	TopHGen:	0	TopFGen:	0	TopCGen:	0	TopLGen:	0	TopAGen:	0	#Deaths:	19	DEATHLOG:	Killed by a Hazard:	5	Killed by Temp Discomfort:	6	Killed by Suffocation .:	7	Killed by Natural Causes:	1	
Epoch:	8	#Units:	32	#Herbi:	17	#Frugi:	6	#Carni:	9	#Terra:	11	#Aqua:	21	#Hybrids:	0	#Spikes:	19	#0.75Plant:	5073	#0.5Meat:	0	#0.5Hazard:	292	#0.5Fruit:	10195	RandGenome:	2863	RandSeed:	1	RandGen:	0	RandMetabolism:	0.300694	RandColorR:	0.000039	RandColorG:	0.124609	RandColorB:	0.972249	TopHGen:	0	TopFGen:	0	TopCGen:	0	TopLGen:	0	TopAGen:	0	#Deaths:	16	DEATHLOG:	Killed by Suffocation .:	8	Killed by Temp Discomfort:	5	Killed by a Hazard:	3	
Epoch:	8	#Units:	31	#Herbi:	17	#Frugi:	8	#Carni:	6	#Terra:	10	#Aqua:	21	#Hybrids:	0	#Spikes:	16	#0.75Plant:	5170	#0.5Meat:	0	#0.5Hazard:	299	#0.5Fruit:	10257	RandGenome:	-3222	RandSeed:	1	RandGen:	0	RandMetabolism:	0.694450	RandColorR:	0.446310	RandColorG:	0.000058	RandColorB:	0.816748	TopHGen:	0	TopFGen:	0	TopCGen:	0	TopLGen:	0	TopAGen:	0	#Deaths:	14	DEATHLOG:	Killed by Temp Discomfort:	5	Killed by Suffocation .:	4	Killed by a Hazard:	5	
Epoch:	8	#Units:	36	#Herbi:	19	#Frugi:	11	#Carni:	6	#Terra:	12	#Aqua:	24	#Hybrids:	0	#Spikes:	19	#0.75Plant:	5272	#0.5Meat:	0	#0.5Hazard:	306	#0.5Fruit:	10344	RandGenome:	4782	RandSeed:	1	RandGen:	0	RandMetabolism:	0.676705	RandColorR:	0.139871	RandColorG:	0.000117	RandColorB:	0.000000	TopHGen:	0	TopFGen:	0	TopCGen:	0	TopLGen:	0	TopAGen:	0	#Deaths:	13	DEATHLOG:	Killed by Temp Discomfort:	7	Killed by a Hazard:	4	Killed by Suffocation .:	2	
Epoch:	9	#Units:	33	#Herbi:	12	#Frugi:	14	#Carni:	7	#Terra:	10	#Aqua:	23	#Hybrids:	0	#Spikes:	18	#0.75Plant:	5356	#0.5Meat:	0	#0.5Hazard:	306	#0.5Fruit:	10404	RandGenome:	5364	RandSeed:	1	RandGen:	0	RandMetabolism:	0.519400	RandColorR:	0.353822	RandColorG:	0.617749	RandColorB:	0.928541	TopHGen:	0	TopFGen:	0	TopCGen:	0	TopLGen:	0	TopAGen:	0	#Deaths:	13	DEATHLOG:	Killed by Suffocation .:	9	Killed by Temp Discomfort:	2	Killed by a Hazard:	2	
Epoch:	9	#Units:	31	#Herbi:	15	#Frugi:	12	#Carni:	4	#Terra:	10	#Aqua:	21	#Hybrids:	0	#Spikes:	15	#0.75Plant:	5430	#0.5Meat:	0	#0.5Hazard:	308	#0.5Fruit:	10464	RandGenome:	5856	RandSeed:	1	RandGen:	0	RandMetabolism:	0.378370	RandColorR:	0.131375	RandColorG:	0.000059	RandColorB:	0.997209	TopHGen:	0	TopFGen:	1	TopCGen:	0	TopLGen:	1	TopAGen:	0	#Deaths:	17	DEATHLOG:	Killed by Suffocation .:	6	Killed by Temp Discomfort:	6	Killed by a Hazard:	5	
Epoch:	9	#Units:	31	#Herbi:	12	#Frugi:	10	#Carni:	9	#Terra:	10	#Aqua:	21	#Hybrids:	0	#Spikes:	16	#0.75Plant:	5528	#0.5Meat:	0	#0.5Hazard:	310	#0.5Fruit:	10531	RandGenome:	1962	RandSeed:	1	RandGen:	0	RandMetabolism:	0.499170	RandColorR:	0.000046	RandColorG:	0.763098	RandColorB:	0.070474	TopHGen:	0	TopFGen:	1	TopCGen:	0	TopLGen:	1	TopAGen:	0	#Deaths:	11	DEATHLOG:	Killed by a Hazard:	7	Killed by Temp Discomfort:	3	Killed by Suffocation .:	1	
Epoch:	9	#Units:	31	#Herbi:	10	#Frugi:	12	#Carni:	9	#Terra:	7	#Aqua:	24	#Hybrids:	0	#Spikes:	13	#0.75Plant:	5667	#0.5Meat:	0	#0.5Hazard:	310	#0.5Fruit:	10583	RandGenome:	1517	RandSeed:	1	RandGen:	0	RandMetabolism:	0.264606	RandColorR:	0.047763	RandColorG:	0.005304	RandColorB:	0.392863	TopHGen:	0	TopFGen:	1	TopCGen:	0	TopLGen:	1	TopAGen:	0	#Deaths:	12	DEATHLOG:	Killed by Suffocation .:	4	Killed by Temp Discomfort:	2	Killed by a Hazard:	5	Killed by Natural Causes:	1	
Epoch:	9	#Units:	32	#Herbi:	10	#Frugi:	12	#Carni:	10	#Terra:	6	#Aqua:	26	#Hybrids:	0	#Spikes:	15	#0.75Plant:	5811	#0.5Meat:	0	#0.5Hazard:	312	#0.5Fruit:	10656	RandGenome:	2130	RandSeed:	1	RandGen:	0	RandMetabolism:	0.743611	RandColorR:	0.996205	RandColorG:	0.999094	RandColorB:	0.938053	TopHGen:	0	TopFGen:	1	TopCGen:	0	TopLGen:	1	TopAGen:	0	#Deaths:	11	DEATHLOG:	Killed by a Hazard:	2	Killed by Temp Discomfort:	5	Killed by Suffocation .:	4	
Epoch:	9	#Units:	31	#Herbi:	10	#Frugi:	9	#Carni:	12	#Terra:	5	#Aqua:	26	#Hybrids:	0	#Spikes:	13	#0.75Plant:	5880	#0.5Meat:	0	#0.5Hazard:	317	#0.5Fruit:	10740	RandGenome:	2545	RandSeed:	1	RandGen:	0	RandMetabolism:	0.334654	RandColorR:	0.999963	RandColorG:	0.999973	RandColorB:	0.982750	TopHGen:	0	TopFGen:	0	TopCGen:	0	TopLGen:	0	TopAGen:	0	#Deaths:	23	DEATHLOG:	Killed by a Hazard:	3	Killed by Temp Discomfort:	9	Killed by Suffocation .:	10	Killed by a Murder:	1	
Epoch:	9	#Units:	33	#Herbi:	13	#Frugi:	12	#Carni:	8	#Terra:	7	#Aqua:	26	#Hybrids:	0	#Spikes:	16	#0.75Plant:	5961	#0.5Meat:	0	#0.5Hazard:	321	#0.5Fruit:	10800	RandGenome:	3559	RandSeed:	1	RandGen:	0	RandMetabolism:	0.542494	RandColorR:	0.408231	RandColorG:	0.526476	RandColorB:	0.332419	TopHGen:	0	TopFGen:	0	TopCGen:	0	TopLGen:	0	TopAGen:	0	#Deaths:	17	DEATHLOG:	Killed by Temp Discomfort:	6	Killed by a Hazard:	9	Killed by Suffocation .:	2	
Epoch:	9	#Units:	32	#Herbi:	9	#Frugi:	15	#Carni:	8	#Terra:	6	#Aqua:	26	#Hybrids:	0	#Spikes:	17	#0.75Plant:	6047	#0.5Meat:	1	#0.5Hazard:	325	#0.5Fruit:	10890	RandGenome:	-216	RandSeed:	1	RandGen:	0	RandMetabolism:	0.690866	RandColorR:	0.021797	RandColorG:	0.700096	RandColorB:	0.999382	TopHGen:	0	TopFGen:	1	TopCGen:	0	TopLGen:	0	TopAGen:	1	#Deaths:	16	DEATHLOG:	Killed by Temp Discomfort:	3	Killed by Suffocation .:	5	Killed by a Hazard:	6	Killed by a Murder:	2	
Epoch:	9	#Units:	32	#Herbi:	11	#Frugi:	14	#Carni:	7	#Terra:	8	#Aqua:	24	#Hybrids:	0	#Spikes:	19	#0.75Plant:	6135	#0.5Meat:	1	#0.5Hazard:	335	#0.5Fruit:	10941	RandGenome:	-3288	RandSeed:	1	RandGen:	0	RandMetabolism:	0.638706	RandColorR:	0.839293	RandColorG:	0.999992	RandColorB:	0.991714	TopHGen:	1	TopFGen:	1	TopCGen:	0	TopLGen:	0	TopAGen:	1	#Deaths:	17	DEATHLOG:	Killed by Temp Discomfort:	5	Killed by Excessive Generosity:	1	Killed by a Hazard:	5	Killed by Suffocation .:	5	Killed by Child Birth:	1	
Epoch:	9	#Units:	33	#Herbi:	14	#Frugi:	10	#Carni:	9	#Terra:	9	#Aqua:	24	#Hybrids:	0	#Spikes:	19	#0.75Plant:	6213	#0.5Meat:	1	#0.5Hazard:	343	#0.5Fruit:	11030	RandGenome:	-2909	RandSeed:	1	RandGen:	0	RandMetabolism:	0.499170	RandColorR:	0.012374	RandColorG:	0.773116	RandColorB:	0.975141	TopHGen:	1	TopFGen:	1	TopCGen:	0	TopLGen:	0	TopAGen:	1	#Deaths:	15	DEATHLOG:	Killed by Suffocation .:	7	Killed by a Hazard:	4	Killed by Temp Discomfort:	4	
Epoch:	10	#Units:	30	#Herbi:	8	#Frugi:	14	#Carni:	8	#Terra:	3	#Aqua:	27	#Hybrids:	0	#Spikes:	18	#0.75Plant:	6315	#0.5Meat:	1	#0.5Hazard:	349	#0.5Fruit:	11077	RandGenome:	3208	RandSeed:	1	RandGen:	0	RandMetabolism:	0.577320	RandColorR:	0.400796	RandColorG:	0.326112	RandColorB:	0.927624	TopHGen:	1	TopFGen:	1	TopCGen:	0	TopLGen:	0	TopAGen:	1	#Deaths:	23	DEATHLOG:	Killed by Suffocation .:	9	Killed by Natural Causes:	2	Killed by a Hazard:	4	Killed by Temp Discomfort:	4	Killed by Child Birth:	1	Killed by a Collision:	2	Killed by Excessive Generosity:	1	
Epoch:	10	#Units:	33	#Herbi:	12	#Frugi:	11	#Carni:	10	#Terra:	3	#Aqua:	30	#Hybrids:	0	#Spikes:	15	#0.75Plant:	6400	#0.5Meat:	1	#0.5Hazard:	357	#0.5Fruit:	11143	RandGenome:	4186	RandSeed:	1	RandGen:	0	RandMetabolism:	0.355094	RandColorR:	0.600000	RandColorG:	0.991794	RandColorB:	0.536686	TopHGen:	1	TopFGen:	1	TopCGen:	0	TopLGen:	0	TopAGen:	1	#Deaths:	19	DEATHLOG:	Killed by a Hazard:	7	Killed by Temp Discomfort:	4	Killed by Suffocation .:	5	Killed by a Murder:	1	Killed by Excessive Generosity:	1	Killed by Natural Causes:	1	
Epoch:	10	#Units:	31	#Herbi:	9	#Frugi:	11	#Carni:	11	#Terra:	6	#Aqua:	25	#Hybrids:	0	#Spikes:	17	#0.75Plant:	6482	#0.5Meat:	1	#0.5Hazard:	360	#0.5Fruit:	11201	RandGenome:	1304	RandSeed:	1	RandGen:	0	RandMetabolism:	0.336225	RandColorR:	0.016210	RandColorG:	0.001033	RandColorB:	0.561434	TopHGen:	1	TopFGen:	1	TopCGen:	0	TopLGen:	0	TopAGen:	1	#Deaths:	11	DEATHLOG:	Killed by Temp Discomfort:	3	Killed by Suffocation .:	4	Killed by a Hazard:	4	
Epoch:	10	#Units:	32	#Herbi:	14	#Frugi:	12	#Carni:	6	#Terra:	7	#Aqua:	25	#Hybrids:	0	#Spikes:	20	#0.75Plant:	6583	#0.5Meat:	1	#0.5Hazard:	359	#0.5Fruit:	11271	RandGenome:	-1436	RandSeed:	2	RandGen:	0	RandMetabolism:	0.301530	RandColorR:	0.999940	RandColorG:	0.999983	RandColorB:	0.996440	TopHGen:	1	TopFGen:	1	TopCGen:	0	TopLGen:	0	TopAGen:	1	#Deaths:	19	DEATHLOG:	Killed by Suffocation .:	5	Killed by a Hazard:	8	Killed by Temp Discomfort:	6	
Epoch:	10	#Units:	31	#Herbi:	12	#Frugi:	10	#Carni:	9	#Terra:	7	#Aqua:	24	#Hybrids:	0	#Spikes:	19	#0.75Plant:	6704	#0.5Meat:	1	#0.5Hazard:	357	#0.5Fruit:	11362	RandGenome:	-2397	RandSeed:	1	RandGen:	0	RandMetabolism:	0.522344	RandColorR:	0.998502	RandColorG:	0.518728	RandColorB:	0.072871	TopHGen:	1	TopFGen:	1	TopCGen:	0	TopLGen:	0	TopAGen:	1	#Deaths:	13	DEATHLOG:	Killed by Suffocation .:	5	Killed by Temp Discomfort:	6	Killed by Natural Causes:	1	Killed by a Hazard:	1	
Epoch:	10	#Units:	32	#Herbi:	13	#Frugi:	14	#Carni:	5	#Terra:	6	#Aqua:	26	#Hybrids:	0	#Spikes:	20	#0.75Plant:	6781	#0.5Meat:	1	#0.5Hazard:	361	#0.5Fruit:	11435	RandGenome:	-4755	RandSeed:	1	RandGen:	0	RandMetabolism:	0.607063	RandColorR:	0.385506	RandColorG:	0.873454	RandColorB:	0.545539	TopHGen:	1	TopFGen:	1	TopCGen:	0	TopLGen:	0	TopAGen:	1	#Deaths:	13	DEATHLOG:	Killed by Temp Discomfort:	5	Killed by Suffocation .:	3	Killed by a Hazard:	4	Killed by Natural Causes:	1	
Epoch:	10	#Units:	32	#Herbi:	12	#Frugi:	11	#Carni:	9	#Terra:	7	#Aqua:	25	#Hybrids:	0	#Spikes:	15	#0.75Plant:	6822	#0.5Meat:	1	#0.5Hazard:	367	#0.5Fruit:	11494	RandGenome:	2854	RandSeed:	1	RandGen:	0	RandMetabolism:	0.385762	RandColorR:	0.170151	RandColorG:	0.491853	RandColorB:	0.526718	TopHGen:	1	TopFGen:	0	TopCGen:	0	TopLGen:	0	TopAGen:	1	#Deaths:	13	DEATHLOG:	Killed by a Hazard:	8	Killed by Temp Discomfort:	3	Killed by Suffocation .:	1	Killed by Natural Causes:	1	
Epoch:	10	#Units:	32	#Herbi:	11	#Frugi:	12	#Carni:	9	#Terra:	7	#Aqua:	25	#Hybrids:	0	#Spikes:	19	#0.75Plant:	6912	#0.5Meat:	1	#0.5Hazard:	373	#0.5Fruit:	11579	RandGenome:	-5426	RandSeed:	1	RandGen:	0	RandMetabolism:	0.493710	RandColorR:	0.162983	RandColorG:	0.973283	RandColorB:	0.019459	TopHGen:	1	TopFGen:	0	TopCGen:	0	TopLGen:	0	TopAGen:	1	#Deaths:	16	DEATHLOG:	Killed by Temp Discomfort:	7	Killed by Suffocation .:	4	Killed by a Hazard:	4	Killed by Excessive Generosity:	1	
Epoch:	10	#Units:	31	#Herbi:	8	#Frugi:	13	#Carni:	10	#Terra:	7	#Aqua:	24	#Hybrids:	0	#Spikes:	16	#0.75Plant:	7036	#0.5Meat:	1	#0.5Hazard:	378	#0.5Fruit:	11641	RandGenome:	770	RandSeed:	1	RandGen:	0	RandMetabolism:	0.702010	RandColorR:	0.579415	RandColorG:	0.000107	RandColorB:	0.631249	TopHGen:	1	TopFGen:	0	TopCGen:	0	TopLGen:	0	TopAGen:	1	#Deaths:	20	DEATHLOG:	Killed by a Hazard:	4	Killed by Temp Discomfort:	9	Killed by Suffocation .:	6	Killed by Natural Causes:	1	
Epoch:	10	#Units:	30	#Herbi:	8	#Frugi:	15	#Carni:	7	#Terra:	7	#Aqua:	23	#Hybrids:	0	#Spikes:	20	#0.75Plant:	7134	#0.5Meat:	1	#0.5Hazard:	386	#0.5Fruit:	11717	RandGenome:	2339	RandSeed:	1	RandGen:	0	RandMetabolism:	0.442642	RandColorR:	0.279771	RandColorG:	0.998761	RandColorB:	0.353132	TopHGen:	1	TopFGen:	0	TopCGen:	0	TopLGen:	0	TopAGen:	1	#Deaths:	16	DEATHLOG:	Killed by Temp Discomfort:	9	Killed by Suffocation .:	6	Killed by a Hazard:	1	
Epoch:	11	#Units:	31	#Herbi:	11	#Frugi:	12	#Carni:	8	#Terra:	6	#Aqua:	25	#Hybrids:	0	#Spikes:	16	#0.75Plant:	7264	#0.5Meat:	1	#0.5Hazard:	390	#0.5Fruit:	11770	RandGenome:	3237	RandSeed:	1	RandGen:	0	RandMetabolism:	0.694927	RandColorR:	0.000185	RandColorG:	0.522501	RandColorB:	0.999905	TopHGen:	1	TopFGen:	0	TopCGen:	0	TopLGen:	0	TopAGen:	1	#Deaths:	9	DEATHLOG:	Killed by a Hazard:	3	Killed by Suffocation .:	2	Killed by Natural Causes:	1	Killed by Temp Discomfort:	2	Killed by Excessive Generosity:	1	
Epoch:	11	#Units:	30	#Herbi:	9	#Frugi:	17	#Carni:	4	#Terra:	5	#Aqua:	25	#Hybrids:	0	#Spikes:	14	#0.75Plant:	7366	#0.5Meat:	1	#0.5Hazard:	397	#0.5Fruit:	11866	RandGenome:	4919	RandSeed:	1	RandGen:	0	RandMetabolism:	0.524136	RandColorR:	0.462756	RandColorG:	0.518618	RandColorB:	0.999998	TopHGen:	1	TopFGen:	1	TopCGen:	0	TopLGen:	0	TopAGen:	1	#Deaths:	22	DEATHLOG:	Killed by a Hazard:	8	Killed by Temp Discomfort:	5	Killed by Suffocation .:	4	Killed by Natural Causes:	1	Killed by Child Birth:	1	Killed by Excessive Generosity:	3	
Epoch:	11	#Units:	32	#Herbi:	13	#Frugi:	13	#Carni:	6	#Terra:	5	#Aqua:	27	#Hybrids:	0	#Spikes:	13	#0.75Plant:	7537	#0.5Meat:	1	#0.5Hazard:	402	#0.5Fruit:	11967	RandGenome:	3208	RandSeed:	1	RandGen:	0	RandMetabolism:	0.542782	RandColorR:	0.999736	RandColorG:	0.139251	RandColorB:	0.777841	TopHGen:	1	TopFGen:	1	TopCGen:	0	TopLGen:	0	TopAGen:	1	#Deaths:	14	DEATHLOG:	Killed by Suffocation .:	6	Killed by Temp Discomfort:	3	Killed by a Murder:	1	Killed by a Hazard:	3	Killed by LackOf Oxygen:	1	
Epoch:	11	#Units:	29	#Herbi:	14	#Frugi:	11	#Carni:	4	#Terra:	3	#Aqua:	26	#Hybrids:	0	#Spikes:	11	#0.75Plant:	7657	#0.5Meat:	1	#0.5Hazard:	408	#0.5Fruit:	12051	RandGenome:	-4481	RandSeed:	1	RandGen:	0	RandMetabolism:	0.280341	RandColorR:	0.998560	RandColorG:	0.996076	RandColorB:	0.985515	TopHGen:	0	TopFGen:	1	TopCGen:	0	TopLGen:	0	TopAGen:	1	#Deaths:	17	DEATHLOG:	Killed by Suffocation .:	6	Killed by Temp Discomfort:	8	Killed by a Hazard:	3	
Epoch:	11	#Units:	34	#Herbi:	18	#Frugi:	11	#Carni:	5	#Terra:	6	#Aqua:	28	#Hybrids:	0	#Spikes:	19	#0.75Plant:	7750	#0.5Meat:	1	#0.5Hazard:	409	#0.5Fruit:	12135	RandGenome:	5449	RandSeed:	1	RandGen:	0	RandMetabolism:	0.457926	RandColorR:	0.000001	RandColorG:	0.785783	RandColorB:	0.000105	TopHGen:	0	TopFGen:	1	TopCGen:	0	TopLGen:	0	TopAGen:	1	#Deaths:	11	DEATHLOG:	Killed by Suffocation .:	6	Killed by a Hazard:	2	Killed by Natural Causes:	1	Killed by Excessive Generosity:	1	Killed by Temp Discomfort:	1	
Epoch:	11	#Units:	31	#Herbi:	20	#Frugi:	6	#Carni:	5	#Terra:	8	#Aqua:	23	#Hybrids:	0	#Spikes:	16	#0.75Plant:	7876	#0.5Meat:	1	#0.5Hazard:	416	#0.5Fruit:	12215	RandGenome:	-3541	RandSeed:	1	RandGen:	0	RandMetabolism:	0.393988	RandColorR:	0.999580	RandColorG:	0.314498	RandColorB:	0.177625	TopHGen:	0	TopFGen:	1	TopCGen:	0	TopLGen:	0	TopAGen:	1	#Deaths:	17	DEATHLOG:	Killed by Temp Discomfort:	3	Killed by Suffocation .:	9	Killed by a Hazard:	5	
Epoch:	11	#Units:	36	#Herbi:	22	#Frugi:	8	#Carni:	6	#Terra:	8	#Aqua:	28	#Hybrids:	0	#Spikes:	17	#0.75Plant:	8022	#0.5Meat:	1	#0.5Hazard:	417	#0.5Fruit:	12297	RandGenome:	5974	RandSeed:	1	RandGen:	0	RandMetabolism:	0.277716	RandColorR:	0.006223	RandColorG:	0.979625	RandColorB:	1.000000	TopHGen:	0	TopFGen:	1	TopCGen:	0	TopLGen:	0	TopAGen:	1	#Deaths:	8	DEATHLOG:	Killed by a Hazard:	5	Killed by Suffocation .:	3	
Epoch:	11	#Units:	30	#Herbi:	20	#Frugi:	6	#Carni:	4	#Terra:	7	#Aqua:	23	#Hybrids:	0	#Spikes:	15	#0.75Plant:	8166	#0.5Meat:	1	#0.5Hazard:	418	#0.5Fruit:	12362	RandGenome:	-1733	RandSeed:	1	RandGen:	0	RandMetabolism:	0.493073	RandColorR:	1.000000	RandColorG:	0.088950	RandColorB:	0.000066	TopHGen:	0	TopFGen:	1	TopCGen:	0	TopLGen:	0	TopAGen:	1	#Deaths:	15	DEATHLOG:	Killed by a Hazard:	4	Killed by Temp Discomfort:	9	Killed by Suffocation .:	2	
Epoch:	11	#Units:	33	#Herbi:	15	#Frugi:	15	#Carni:	3	#Terra:	6	#Aqua:	27	#Hybrids:	0	#Spikes:	11	#0.75Plant:	8277	#0.5Meat:	1	#0.5Hazard:	423	#0.5Fruit:	12477	RandGenome:	4571	RandSeed:	1	RandGen:	0	RandMetabolism:	0.588721	RandColorR:	0.483462	RandColorG:	0.851600	RandColorB:	0.374078	TopHGen:	0	TopFGen:	1	TopCGen:	0	TopLGen:	0	TopAGen:	1	#Deaths:	12	DEATHLOG:	Killed by a Hazard:	4	Killed by Temp Discomfort:	7	Killed by Suffocation .:	1	
Epoch:	11	#Units:	33	#Herbi:	18	#Frugi:	11	#Carni:	4	#Terra:	6	#Aqua:	27	#Hybrids:	0	#Spikes:	11	#0.75Plant:	8443	#0.5Meat:	1	#0.5Hazard:	422	#0.5Fruit:	12573	RandGenome:	-1585	RandSeed:	1	RandGen:	0	RandMetabolism:	0.692263	RandColorR:	0.271366	RandColorG:	0.562742	RandColorB:	0.837287	TopHGen:	0	TopFGen:	1	TopCGen:	0	TopLGen:	0	TopAGen:	1	#Deaths:	18	DEATHLOG:	Killed by Temp Discomfort:	12	Killed by a Hazard:	2	Killed by Suffocation .:	3	Killed by Excessive Generosity:	1	
Epoch:	12	#Units:	31	#Herbi:	10	#Frugi:	15	#Carni:	6	#Terra:	6	#Aqua:	25	#Hybrids:	0	#Spikes:	12	#0.75Plant:	8541	#0.5Meat:	1	#0.5Hazard:	430	#0.5Fruit:	12666	RandGenome:	-2755	RandSeed:	1	RandGen:	0	RandMetabolism:	0.307428	RandColorR:	0.377799	RandColorG:	0.522440	RandColorB:	0.003134	TopHGen:	0	TopFGen:	0	TopCGen:	0	TopLGen:	0	TopAGen:	0	#Deaths:	18	DEATHLOG:	Killed by Suffocation .:	6	Killed by a Hazard:	5	Killed by a Collision:	1	Killed by Temp Discomfort:	3	Killed by Natural Causes:	1	Killed by Excessive Generosity:	2	
Epoch:	12	#Units:	33	#Herbi:	11	#Frugi:	20	#Carni:	2	#Terra:	4	#Aqua:	29	#Hybrids:	0	#Spikes:	15	#0.75Plant:	8653	#0.5Meat:	1	#0.5Hazard:	433	#0.5Fruit:	12731	RandGenome:	4356	RandSeed:	1	RandGen:	0	RandMetabolism:	0.636673	RandColorR:	0.944291	RandColorG:	0.000000	RandColorB:	0.002525	TopHGen:	0	TopFGen:	0	TopCGen:	0	TopLGen:	0	TopAGen:	0	#Deaths:	13	DEATHLOG:	Killed by Temp Discomfort:	8	Killed by Suffocation .:	3	Killed by a Hazard:	2	
Epoch:	12	#Units:	32	#Herbi:	6	#Frugi:	18	#Carni:	8	#Terra:	4	#Aqua:	28	#Hybrids:	0	#Spikes:	16	#0.75Plant:	8817	#0.5Meat:	1	#0.5Hazard:	437	#0.5Fruit:	12797	RandGenome:	-2747	RandSeed:	1	RandGen:	0	RandMetabolism:	0.463404	RandColorR:	0.009965	RandColorG:	0.098864	RandColorB:	0.407124	TopHGen:	0	TopFGen:	0	TopCGen:	0	TopLGen:	0	TopAGen:	0	#Deaths:	13	DEATHLOG:	Killed by a Hazard:	3	Killed by Temp Discomfort:	5	Killed by Suffocation .:	5	
Epoch:	12	#Units:	31	#Herbi:	12	#Frugi:	11	#Carni:	8	#Terra:	3	#Aqua:	28	#Hybrids:	0	#Spikes:	11	#0.75Plant:	8935	#0.5Meat:	1	#0.5Hazard:	440	#0.5Fruit:	12856	RandGenome:	856	RandSeed:	1	RandGen:	0	RandMetabolism:	0.403788	RandColorR:	0.728066	RandColorG:	0.086855	RandColorB:	0.999968	TopHGen:	0	TopFGen:	0	TopCGen:	0	TopLGen:	0	TopAGen:	0	#Deaths:	18	DEATHLOG:	Killed by Suffocation .:	7	Killed by a Hazard:	8	Killed by Natural Causes:	1	Killed by Temp Discomfort:	2	
Epoch:	12	#Units:	30	#Herbi:	11	#Frugi:	11	#Carni:	8	#Terra:	5	#Aqua:	25	#Hybrids:	0	#Spikes:	12	#0.75Plant:	9023	#0.5Meat:	1	#0.5Hazard:	437	#0.5Fruit:	12930	RandGenome:	-5630	RandSeed:	1	RandGen:	0	RandMetabolism:	0.627895	RandColorR:	0.999685	RandColorG:	0.523819	RandColorB:	0.979298	TopHGen:	0	TopFGen:	0	TopCGen:	0	TopLGen:	0	TopAGen:	0	#Deaths:	14	DEATHLOG:	Killed by Temp Discomfort:	7	Killed by Suffocation .:	3	Killed by a Hazard:	4	
Epoch:	12	#Units:	31	#Herbi:	14	#Frugi:	12	#Carni:	5	#Terra:	5	#Aqua:	26	#Hybrids:	0	#Spikes:	17	#0.75Plant:	9134	#0.5Meat:	1	#0.5Hazard:	441	#0.5Fruit:	13006	RandGenome:	-4072	RandSeed:	1	RandGen:	0	RandMetabolism:	0.254430	RandColorR:	0.976329	RandColorG:	0.412580	RandColorB:	0.804074	TopHGen:	0	TopFGen:	0	TopCGen:	0	TopLGen:	0	TopAGen:	0	#Deaths:	17	DEATHLOG:	Killed by Temp Discomfort:	4	Killed by a Hazard:	5	Killed by Suffocation .:	7	Killed by Natural Causes:	1	
Epoch:	12	#Units:	35	#Herbi:	17	#Frugi:	11	#Carni:	7	#Terra:	6	#Aqua:	29	#Hybrids:	0	#Spikes:	21	#0.75Plant:	9257	#0.5Meat:	1	#0.5Hazard:	454	#0.5Fruit:	13063	RandGenome:	3844	RandSeed:	1	RandGen:	0	RandMetabolism:	0.565982	RandColorR:	0.284192	RandColorG:	0.999999	RandColorB:	0.291860	TopHGen:	0	TopFGen:	0	TopCGen:	0	TopLGen:	0	TopAGen:	0	#Deaths:	10	DEATHLOG:	Killed by a Hazard:	3	Killed by Temp Discomfort:	4	Killed by Suffocation .:	2	Killed by Natural Causes:	1	
Epoch:	12	#Units:	33	#Herbi:	12	#Frugi:	11	#Carni:	10	#Terra:	6	#Aqua:	27	#Hybrids:	0	#Spikes:	16	#0.75Plant:	9405	#0.5Meat:	1	#0.5Hazard:	453	#0.5Fruit:	13148	RandGenome:	1006	RandSeed:	1	RandGen:	0	RandMetabolism:	0.398301	RandColorR:	0.480291	RandColorG:	0.789783	RandColorB:	0.999992	TopHGen:	0	TopFGen:	0	TopCGen:	0	TopLGen:	0	TopAGen:	0	#Deaths:	19	DEATHLOG:	Killed by a Hazard:	5	Killed by Suffocation .:	7	Killed by Temp Discomfort:	6	Killed by Natural Causes:	1	
Epoch:	12	#Units:	32	#Herbi:	11	#Frugi:	9	#Carni:	12	#Terra:	7	#Aqua:	25	#Hybrids:	0	#Spikes:	15	#0.75Plant:	9552	#0.5Meat:	1	#0.5Hazard:	461	#0.5Fruit:	13246	RandGenome:	-766	RandSeed:	1	RandGen:	0	RandMetabolism:	0.733276	RandColorR:	0.999544	RandColorG:	0.999829	RandColorB:	0.995655	TopHGen:	0	TopFGen:	0	TopCGen:	0	TopLGen:	0	TopAGen:	0	#Deaths:	18	DEATHLOG:	Killed by Temp Discomfort:	11	Killed by LackOf Oxygen:	1	Killed by a Hazard:	4	Killed by Suffocation .:	2	
Epoch:	12	#Units:	32	#Herbi:	12	#Frugi:	11	#Carni:	9	#Terra:	8	#Aqua:	24	#Hybrids:	0	#Spikes:	12	#0.75Plant:	9683	#0.5Meat:	1	#0.5Hazard:	459	#0.5Fruit:	13303	RandGenome:	2078	RandSeed:	1	RandGen:	0	RandMetabolism:	0.400904	RandColorR:	0.015332	RandColorG:	0.999836	RandColorB:	0.586417	TopHGen:	0	TopFGen:	0	TopCGen:	0	TopLGen:	0	TopAGen:	0	#Deaths:	14	DEATHLOG:	Killed by Suffocation .:	7	Killed by Temp Discomfort:	5	Killed by a Hazard:	1	Killed by Excessive Generosity:	1	
Epoch:	13	#Units:	31	#Herbi:	12	#Frugi:	9	#Carni:	10	#Terra:	4	#Aqua:	27	#Hybrids:	0	#Spikes:	11	#0.75Plant:	9751	#0.5Meat:	1	#0.5Hazard:	457	#0.5Fruit:	13373	RandGenome:	-2106	RandSeed:	1	RandGen:	0	RandMetabolism:	0.501501	RandColorR:	0.559660	RandColorG:	0.507873	RandColorB:	0.330557	TopHGen:	0	TopFGen:	1	TopCGen:	0	TopLGen:	0	TopAGen:	1	#Deaths:	14	DEATHLOG:	Killed by Suffocation .:	4	Killed by a Hazard:	4	Killed by Temp Discomfort:	6	
Epoch:	13	#Units:	31	#Herbi:	16	#Frugi:	8	#Carni:	7	#Terra:	4	#Aqua:	27	#Hybrids:	0	#Spikes:	14	#0.75Plant:	9832	#0.5Meat:	1	#0.5Hazard:	463	#0.5Fruit:	13457	RandGenome:	5261	RandSeed:	1	RandGen:	0	RandMetabolism:	0.278116	RandColorR:	0.102185	RandColorG:	0.000111	RandColorB:	0.999964	TopHGen:	0	TopFGen:	1	TopCGen:	0	TopLGen:	0	TopAGen:	1	#Deaths:	9	DEATHLOG:	Killed by Temp Discomfort:	4	Killed by a Hazard:	2	Killed by Suffocation .:	2	Killed by Excessive Generosity:	1	
Epoch:	13	#Units:	35	#Herbi:	15	#Frugi:	12	#Carni:	8	#Terra:	5	#Aqua:	30	#Hybrids:	0	#Spikes:	15	#0.75Plant:	9914	#0.5Meat:	1	#0.5Hazard:	463	#0.5Fruit:	13544	RandGenome:	-2740	RandSeed:	2	RandGen:	0	RandMetabolism:	0.522528	RandColorR:	0.999483	RandColorG:	0.971315	RandColorB:	0.784871	TopHGen:	1	TopFGen:	1	TopCGen:	0	TopLGen:	0	TopAGen:	1	#Deaths:	8	DEATHLOG:	Killed by Temp Discomfort:	4	Killed by Suffocation .:	2	Killed by a Hazard:	1	Killed by LackOf Oxygen:	1	
Epoch:	13	#Units:	35	#Herbi:	14	#Frugi:	14	#Carni:	7	#Terra:	5	#Aqua:	30	#Hybrids:	0	#Spikes:	17	#0.75Plant:	10117	#0.5Meat:	1	#0.5Hazard:	467	#0.5Fruit:	13615	RandGenome:	3976	RandSeed:	2	RandGen:	0	RandMetabolism:	0.723336	RandColorR:	0.217154	RandColorG:	0.062164	RandColorB:	0.910703	TopHGen:	1	TopFGen:	1	TopCGen:	0	TopLGen:	0	TopAGen:	1	#Deaths:	11	DEATHLOG:	Killed by a Hazard:	8	Killed by Suffocation .:	2	Killed by Temp Discomfort:	1	
Epoch:	13	#Units:	31	#Herbi:	11	#Frugi:	12	#Carni:	8	#Terra:	5	#Aqua:	26	#Hybrids:	0	#Spikes:	15	#0.75Plant:	10203	#0.5Meat:	1	#0.5Hazard:	464	#0.5Fruit:	13708	RandGenome:	-2823	RandSeed:	1	RandGen:	0	RandMetabolism:	0.618213	RandColorR:	0.078682	RandColorG:	1.000000	RandColorB:	0.000130	TopHGen:	0	TopFGen:	1	TopCGen:	0	TopLGen:	0	TopAGen:	1	#Deaths:	14	DEATHLOG:	Killed by Suffocation .:	6	Killed by Temp Discomfort:	3	Killed by Excessive Generosity:	1	Killed by a Hazard:	4	
Epoch:	13	#Units:	32	#Herbi:	16	#Frugi:	7	#Carni:	9	#Terra:	2	#Aqua:	30	#Hybrids:	0	#Spikes:	18	#0.75Plant:	10265	#0.5Meat:	1	#0.5Hazard:	467	#0.5Fruit:	13780	RandGenome:	-825	RandSeed:	1	RandGen:	0	RandMetabolism:	0.450484	RandColorR:	0.279122	RandColorG:	0.000000	RandColorB:	0.006554	TopHGen:	0	TopFGen:	1	TopCGen:	0	TopLGen:	0	TopAGen:	1	#Deaths:	13	DEATHLOG:	Killed by a Hazard:	5	Killed by Natural Causes:	1	Killed by Suffocation .:	3	Killed by Temp Discomfort:	2	Killed by Excessive Generosity:	2	
Epoch:	13	#Units:	35	#Herbi:	19	#Frugi:	6	#Carni:	10	#Terra:	6	#Aqua:	29	#Hybrids:	0	#Spikes:	20	#0.75Plant:	10351	#0.5Meat:	2	#0.5Hazard:	473	#0.5Fruit:	13871	RandGenome:	2958	RandSeed:	1	RandGen:	0	RandMetabolism:	0.531434	RandColorR:	0.037560	RandColorG:	0.784570	RandColorB:	0.000025	TopHGen:	1	TopFGen:	1	TopCGen:	0	TopLGen:	1	TopAGen:	1	#Deaths:	10	DEATHLOG:	Killed by a Hazard:	5	Killed by Child Birth:	1	Killed by Suffocation .:	2	Killed by Temp Discomfort:	1	Killed by a Murder:	1	
Epoch:	13	#Units:	33	#Herbi:	15	#Frugi:	8	#Carni:	10	#Terra:	6	#Aqua:	27	#Hybrids:	0	#Spikes:	18	#0.75Plant:	10486	#0.5Meat:	2	#0.5Hazard:	473	#0.5Fruit:	13941	RandGenome:	-3559	RandSeed:	1	RandGen:	0	RandMetabolism:	0.601830	RandColorR:	0.000267	RandColorG:	0.007151	RandColorB:	0.230093	TopHGen:	1	TopFGen:	1	TopCGen:	0	TopLGen:	1	TopAGen:	1	#Deaths:	17	DEATHLOG:	Killed by Suffocation .:	6	Killed by a Hazard:	4	Killed by Temp Discomfort:	5	Killed by Excessive Generosity:	2	
Epoch:	13	#Units:	33	#Herbi:	17	#Frugi:	5	#Carni:	11	#Terra:	9	#Aqua:	24	#Hybrids:	0	#Spikes:	18	#0.75Plant:	10573	#0.5Meat:	2	#0.5Hazard:	474	#0.5Fruit:	14049	RandGenome:	-1232	RandSeed:	1	RandGen:	1	RandMetabolism:	0.498611	RandColorR:	0.475762	RandColorG:	0.376262	RandColorB:	0.484523	TopHGen:	0	TopFGen:	1	TopCGen:	0	TopLGen:	1	TopAGen:	1	#Deaths:	13	DEATHLOG:	Killed by Temp Discomfort:	4	Killed by a Hazard:	3	Killed by Suffocation .:	5	Killed by Natural Causes:	1	
Epoch:	13	#Units:	32	#Herbi:	18	#Frugi:	6	#Carni:	8	#Terra:	5	#Aqua:	27	#Hybrids:	0	#Spikes:	16	#0.75Plant:	10751	#0.5Meat:	2	#0.5Hazard:	483	#0.5Fruit:	14116	RandGenome:	3865	RandSeed:	1	RandGen:	0	RandMetabolism:	0.732235	RandColorR:	0.619646	RandColorG:	0.002153	RandColorB:	0.535396	TopHGen:	0	TopFGen:	1	TopCGen:	0	TopLGen:	1	TopAGen:	1	#Deaths:	14	DEATHLOG:	Killed by Suffocation .:	5	Killed by a Hazard:	3	Killed by Natural Causes:	2	Killed by Temp Discomfort:	4	
Epoch:	14	#Units:	33	#Herbi:	17	#Frugi:	7	#Carni:	9	#Terra:	4	#Aqua:	29	#Hybrids:	0	#Spikes:	23	#0.75Plant:	10901	#0.5Meat:	2	#0.5Hazard:	488	#0.5Fruit:	14219	RandGenome:	2951	RandSeed:	1	RandGen:	1	RandMetabolism:	0.601830	RandColorR:	0.854147	RandColorG:	0.185321	RandColorB:	0.271343	TopHGen:	0	TopFGen:	2	TopCGen:	0	TopLGen:	1	TopAGen:	2	#Deaths:	10	DEATHLOG:	Killed by Temp Discomfort:	5	Killed by Suffocation .:	2	Killed by a Hazard:	3	
Epoch:	14	#Units:	38	#Herbi:	16	#Frugi:	11	#Carni:	11	#Terra:	8	#Aqua:	30	#Hybrids:	0	#Spikes:	26	#0.75Plant:	11027	#0.5Meat:	2	#0.5Hazard:	486	#0.5Fruit:	14290	RandGenome:	1020	RandSeed:	1	RandGen:	0	RandMetabolism:	0.450442	RandColorR:	0.589758	RandColorG:	0.485900	RandColorB:	0.000001	TopHGen:	1	TopFGen:	2	TopCGen:	0	TopLGen:	1	TopAGen:	2	#Deaths:	12	DEATHLOG:	Killed by Excessive Generosity:	1	Killed by Suffocation .:	3	Killed by a Hazard:	2	Killed by Child Birth:	1	Killed by a Murder:	2	Killed by Temp Discomfort:	3	
Epoch:	14	#Units:	33	#Herbi:	15	#Frugi:	10	#Carni:	8	#Terra:	7	#Aqua:	26	#Hybrids:	0	#Spikes:	20	#0.75Plant:	11169	#0.5Meat:	2	#0.5Hazard:	490	#0.5Fruit:	14377	RandGenome:	-961	RandSeed:	1	RandGen:	0	RandMetabolism:	0.450442	RandColorR:	0.987597	RandColorG:	0.996060	RandColorB:	0.219986	TopHGen:	1	TopFGen:	2	TopCGen:	0	TopLGen:	1	TopAGen:	2	#Deaths:	16	DEATHLOG:	Killed by a Murder:	1	Killed by Suffocation .:	6	Killed by a Hazard:	5	Killed by Excessive Generosity:	1	Killed by Temp Discomfort:	3	
Epoch:	14	#Units:	33	#Herbi:	13	#Frugi:	11	#Carni:	9	#Terra:	6	#Aqua:	27	#Hybrids:	0	#Spikes:	19	#0.75Plant:	11309	#0.5Meat:	2	#0.5Hazard:	485	#0.5Fruit:	14451	RandGenome:	-4965	RandSeed:	3	RandGen:	0	RandMetabolism:	0.280327	RandColorR:	0.959337	RandColorG:	0.274085	RandColorB:	0.004693	TopHGen:	1	TopFGen:	2	TopCGen:	0	TopLGen:	0	TopAGen:	2	#Deaths:	10	DEATHLOG:	Killed by Temp Discomfort:	7	Killed by Suffocation .:	1	Killed by a Hazard:	2	
Epoch:	14	#Units:	31	#Herbi:	17	#Frugi:	6	#Carni:	8	#Terra:	5	#Aqua:	26	#Hybrids:	0	#Spikes:	21	#0.75Plant:	11388	#0.5Meat:	3	#0.5Hazard:	478	#0.5Fruit:	14523	RandGenome:	4896	RandSeed:	1	RandGen:	0	RandMetabolism:	0.695878	RandColorR:	1.000000	RandColorG:	0.500000	RandColorB:	0.600869	TopHGen:	1	TopFGen:	2	TopCGen:	0	TopLGen:	0	TopAGen:	2	#Deaths:	18	DEATHLOG:	Killed by Suffocation .:	5	Killed by a Hazard:	4	Killed by Natural Causes:	1	Killed by Temp Discomfort:	4	Killed by Child Birth:	1	Killed by a Collision:	2	Killed by Excessive Generosity:	1	
Epoch:	14	#Units:	32	#Herbi:	21	#Frugi:	4	#Carni:	7	#Terra:	9	#Aqua:	23	#Hybrids:	0	#Spikes:	17	#0.75Plant:	11450	#0.5Meat:	3	#0.5Hazard:	475	#0.5Fruit:	14592	RandGenome:	-4810	RandSeed:	1	RandGen:	0	RandMetabolism:	0.280327	RandColorR:	0.029416	RandColorG:	0.000470	RandColorB:	0.959642	TopHGen:	1	TopFGen:	2	TopCGen:	0	TopLGen:	0	TopAGen:	2	#Deaths:	12	DEATHLOG:	Killed by a Hazard:	2	Killed by Temp Discomfort:	6	Killed by Suffocation .:	3	Killed by a Murder:	1	
Epoch:	14	#Units:	36	#Herbi:	19	#Frugi:	8	#Carni:	9	#Terra:	10	#Aqua:	26	#Hybrids:	0	#Spikes:	20	#0.75Plant:	11527	#0.5Meat:	3	#0.5Hazard:	483	#0.5Fruit:	14688	RandGenome:	2958	RandSeed:	1	RandGen:	0	RandMetabolism:	0.301547	RandColorR:	0.068799	RandColorG:	0.079894	RandColorB:	0.503851	TopHGen:	1	TopFGen:	2	TopCGen:	0	TopLGen:	0	TopAGen:	2	#Deaths:	11	DEATHLOG:	Killed by a Hazard:	4	Killed by Suffocation .:	3	Killed by Temp Discomfort:	4	
Epoch:	14	#Units:	31	#Herbi:	12	#Frugi:	12	#Carni:	7	#Terra:	9	#Aqua:	22	#Hybrids:	0	#Spikes:	19	#0.75Plant:	11598	#0.5Meat:	3	#0.5Hazard:	487	#0.5Fruit:	14757	RandGenome:	-2410	RandSeed:	1	RandGen:	0	RandMetabolism:	0.285186	RandColorR:	0.134638	RandColorG:	0.391731	RandColorB:	1.000000	TopHGen:	1	TopFGen:	2	TopCGen:	0	TopLGen:	0	TopAGen:	2	#Deaths:	16	DEATHLOG:	Killed by Temp Discomfort:	8	Killed by Suffocation .:	4	Killed by a Hazard:	4	
Epoch:	14	#Units:	31	#Herbi:	12	#Frugi:	9	#Carni:	10	#Terra:	9	#Aqua:	22	#Hybrids:	0	#Spikes:	16	#0.75Plant:	11742	#0.5Meat:	3	#0.5Hazard:	491	#0.5Fruit:	14836	RandGenome:	-3957	RandSeed:	1	RandGen:	0	RandMetabolism:	0.624487	RandColorR:	0.137656	RandColorG:	0.617209	RandColorB:	0.990899	TopHGen:	1	TopFGen:	2	TopCGen:	0	TopLGen:	0	TopAGen:	2	#Deaths:	14	DEATHLOG:	Killed by Suffocation .:	4	Killed by Temp Discomfort:	5	Killed by a Murder:	1	Killed by a Hazard:	4	
Epoch:	14	#Units:	32	#Herbi:	8	#Frugi:	9	#Carni:	15	#Terra:	7	#Aqua:	25	#Hybrids:	0	#Spikes:	20	#0.75Plant:	11856	#0.5Meat:	3	#0.5Hazard:	493	#0.5Fruit:	14929	RandGenome:	692	RandSeed:	1	RandGen:	0	RandMetabolism:	0.433734	RandColorR:	0.248367	RandColorG:	0.014382	RandColorB:	0.350744	TopHGen:	1	TopFGen:	3	TopCGen:	0	TopLGen:	0	TopAGen:	3	#Deaths:	15	DEATHLOG:	Killed by Suffocation .:	7	Killed by a Hazard:	4	Killed by Temp Discomfort:	4	
Epoch:	15	#Units:	34	#Herbi:	15	#Frugi:	6	#Carni:	13	#Terra:	5	#Aqua:	29	#Hybrids:	0	#Spikes:	23	#0.75Plant:	12005	#0.5Meat:	3	#0.5Hazard:	498	#0.5Fruit:	15003	RandGenome:	-622	RandSeed:	1	RandGen:	3	RandMetabolism:	0.478331	RandColorR:	0.677938	RandColorG:	0.011094	RandColorB:	0.000056	TopHGen:	2	TopFGen:	2	TopCGen:	0	TopLGen:	0	TopAGen:	2	#Deaths:	20	DEATHLOG:	Killed by Temp Discomfort:	5	Killed by a Murder:	1	Killed by Suffocation .:	7	Killed by a Hazard:	5	Killed by Natural Causes:	1	Killed by Excessive Generosity:	1	
Epoch:	15	#Units:	31	#Herbi:	13	#Frugi:	8	#Carni:	10	#Terra:	7	#Aqua:	24	#Hybrids:	0	#Spikes:	17	#0.75Plant:	12166	#0.5Meat:	3	#0.5Hazard:	500	#0.5Fruit:	15119	RandGenome:	-3283	RandSeed:	1	RandGen:	0	RandMetabolism:	0.635314	RandColorR:	0.472001	RandColorG:	0.115139	RandColorB:	0.729102	TopHGen:	2	TopFGen:	2	TopCGen:	0	TopLGen:	0	TopAGen:	2	#Deaths:	17	DEATHLOG:	Killed by a Murder:	3	Killed by Suffocation .:	3	Killed by a Hazard:	3	Killed by Temp Discomfort:	5	Killed by Natural Causes:	2	Killed by LackOf Oxygen:	1	
Epoch:	15	#Units:	31	#Herbi:	12	#Frugi:	11	#Carni:	8	#Terra:	10	#Aqua:	21	#Hybrids:	0	#Spikes:	18	#0.75Plant:	12288	#0.5Meat:	3	#0.5Hazard:	504	#0.5Fruit:	15196	RandGenome:	2858	RandSeed:	1	RandGen:	0	RandMetabolism:	0.549102	RandColorR:	0.493732	RandColorG:	0.621479	RandColorB:	0.000000	TopHGen:	2	TopFGen:	2	TopCGen:	0	TopLGen:	0	TopAGen:	2	#Deaths:	9	DEATHLOG:	Killed by a Hazard:	2	Killed by Temp Discomfort:	6	Killed by Suffocation .:	1	
Epoch:	15	#Units:	34	#Herbi:	14	#Frugi:	10	#Carni:	10	#Terra:	10	#Aqua:	24	#Hybrids:	0	#Spikes:	20	#0.75Plant:	12439	#0.5Meat:	3	#0.5Hazard:	498	#0.5Fruit:	15295	RandGenome:	2300	RandSeed:	1	RandGen:	0	RandMetabolism:	0.657148	RandColorR:	0.939156	RandColorG:	0.995743	RandColorB:	0.174319	TopHGen:	2	TopFGen:	2	TopCGen:	0	TopLGen:	0	TopAGen:	2	#Deaths:	14	DEATHLOG:	Killed by a Hazard:	5	Killed by Suffocation .:	5	Killed by Child Birth:	1	Killed by Excessive Generosity:	1	Killed by a Murder:	2	
Epoch:	15	#Units:	33	#Herbi:	12	#Frugi:	13	#Carni:	8	#Terra:	6	#Aqua:	27	#Hybrids:	0	#Spikes:	19	#0.75Plant:	12561	#0.5Meat:	4	#0.5Hazard:	497	#0.5Fruit:	15372	RandGenome:	3479	RandSeed:	2	RandGen:	0	RandMetabolism:	0.457059	RandColorR:	0.056759	RandColorG:	0.999593	RandColorB:	0.720076	TopHGen:	2	TopFGen:	0	TopCGen:	0	TopLGen:	0	TopAGen:	2	#Deaths:	15	DEATHLOG:	Killed by Temp Discomfort:	7	Killed by Suffocation .:	5	Killed by a Hazard:	2	Killed by a Murder:	1	
Epoch:	15	#Units:	31	#Herbi:	11	#Frugi:	12	#Carni:	8	#Terra:	3	#Aqua:	28	#Hybrids:	0	#Spikes:	18	#0.75Plant:	12657	#0.5Meat:	4	#0.5Hazard:	499	#0.5Fruit:	15475	RandGenome:	2375	RandSeed:	1	RandGen:	0	RandMetabolism:	0.502876	RandColorR:	0.955455	RandColorG:	0.279247	RandColorB:	0.958075	TopHGen:	2	TopFGen:	0	TopCGen:	0	TopLGen:	0	TopAGen:	2	#Deaths:	15	DEATHLOG:	Killed by a Hazard:	6	Killed by Suffocation .:	5	Killed by Temp Discomfort:	3	Killed by Natural Causes:	1	
Epoch:	15	#Units:	36	#Herbi:	12	#Frugi:	14	#Carni:	10	#Terra:	5	#Aqua:	31	#Hybrids:	0	#Spikes:	23	#0.75Plant:	12734	#0.5Meat:	4	#0.5Hazard:	504	#0.5Fruit:	15551	RandGenome:	-3595	RandSeed:	1	RandGen:	0	RandMetabolism:	0.381450	RandColorR:	0.995118	RandColorG:	0.669659	RandColorB:	0.702397	TopHGen:	2	TopFGen:	0	TopCGen:	0	TopLGen:	0	TopAGen:	2	#Deaths:	6	DEATHLOG:	Killed by a Hazard:	2	Killed by Temp Discomfort:	3	Killed by Excessive Generosity:	1	
Epoch:	15	#Units:	34	#Herbi:	14	#Frugi:	11	#Carni:	9	#Terra:	5	#Aqua:	29	#Hybrids:	0	#Spikes:	26	#0.75Plant:	12896	#0.5Meat:	4	#0.5Hazard:	499	#0.5Fruit:	15632	RandGenome:	-5010	RandSeed:	1	RandGen:	0	RandMetabolism:	0.532100	RandColorR:	0.015302	RandColorG:	0.459930	RandColorB:	0.007809	TopHGen:	2	TopFGen:	0	TopCGen:	0	TopLGen:	0	TopAGen:	2	#Deaths:	16	DEATHLOG:	Killed by a Hazard:	9	Killed by Suffocation .:	3	Killed by Temp Discomfort:	4	
Epoch:	15	#Units:	31	#Herbi:	11	#Frugi:	11	#Carni:	9	#Terra:	7	#Aqua:	24	#Hybrids:	0	#Spikes:	23	#0.75Plant:	13034	#0.5Meat:	4	#0.5Hazard:	505	#0.5Fruit:	15732	RandGenome:	-504	RandSeed:	1	RandGen:	0	RandMetabolism:	0.735263	RandColorR:	0.524643	RandColorG:	0.487083	RandColorB:	0.393984	TopHGen:	2	TopFGen:	0	TopCGen:	0	TopLGen:	0	TopAGen:	2	#Deaths:	11	DEATHLOG:	Killed by Temp Discomfort:	5	Killed by Suffocation .:	3	Killed by a Hazard:	3	
Epoch:	15	#Units:	31	#Herbi:	8	#Frugi:	13	#Carni:	10	#Terra:	10	#Aqua:	21	#Hybrids:	0	#Spikes:	22	#0.75Plant:	13125	#0.5Meat:	4	#0.5Hazard:	506	#0.5Fruit:	15808	RandGenome:	2282	RandSeed:	1	RandGen:	0	RandMetabolism:	0.450442	RandColorR:	0.966113	RandColorG:	0.677573	RandColorB:	0.482898	TopHGen:	2	TopFGen:	0	TopCGen:	0	TopLGen:	0	TopAGen:	2	#Deaths:	16	DEATHLOG:	Killed by Suffocation .:	7	Killed by a Hazard:	6	Killed by Temp Discomfort:	3	
Epoch:	16	#Units:	32	#Herbi:	10	#Frugi:	9	#Carni:	13	#Terra:	6	#Aqua:	26	#Hybrids:	0	#Spikes:	23	#0.75Plant:	13225	#0.5Meat:	4	#0.5Hazard:	507	#0.5Fruit:	15897	RandGenome:	-2130	RandSeed:	1	RandGen:	2	RandMetabolism:	0.294106	RandColorR:	0.370204	RandColorG:	0.839970	RandColorB:	1.000000	TopHGen:	2	TopFGen:	0	TopCGen:	0	TopLGen:	0	TopAGen:	2	#Deaths:	11	DEATHLOG:	Killed by Suffocation .:	5	Killed by Temp Discomfort:	4	Killed by a Hazard:	2	
Epoch:	16	#Units:	36	#Herbi:	11	#Frugi:	14	#Carni:	11	#Terra:	12	#Aqua:	24	#Hybrids:	0	#Spikes:	20	#0.75Plant:	13353	#0.5Meat:	4	#0.5Hazard:	511	#0.5Fruit:	15986	RandGenome:	-2780	RandSeed:	1	RandGen:	0	RandMetabolism:	0.444751	RandColorR:	0.859488	RandColorG:	0.499265	RandColorB:	0.100648	TopHGen:	2	TopFGen:	0	TopCGen:	0	TopLGen:	0	TopAGen:	2	#Deaths:	7	DEATHLOG:	Killed by Temp Discomfort:	5	Killed by a Hazard:	2	
Epoch:	16	#Units:	40	#Herbi:	15	#Frugi:	14	#Carni:	11	#Terra:	11	#Aqua:	29	#Hybrids:	0	#Spikes:	22	#0.75Plant:	13457	#0.5Meat:	5	#0.5Hazard:	516	#0.5Fruit:	16068	RandGenome:	-374	RandSeed:	3	RandGen:	3	RandMetabolism:	0.664172	RandColorR:	0.000001	RandColorG:	0.652708	RandColorB:	0.199305	TopHGen:	3	TopFGen:	0	TopCGen:	0	TopLGen:	0	TopAGen:	3	#Deaths:	10	DEATHLOG:	Killed by Suffocation .:	3	Killed by a Hazard:	2	Killed by Temp Discomfort:	2	Killed by a Murder:	2	Killed by Excessive Generosity:	1	
Epoch:	16	#Units:	31	#Herbi:	13	#Frugi:	12	#Carni:	6	#Terra:	7	#Aqua:	24	#Hybrids:	0	#Spikes:	15	#0.75Plant:	13506	#0.5Meat:	4	#0.5Hazard:	522	#0.5Fruit:	16179	RandGenome:	-104	RandSeed:	1	RandGen:	0	RandMetabolism:	0.334225	RandColorR:	0.000016	RandColorG:	0.004313	RandColorB:	0.263957	TopHGen:	3	TopFGen:	0	TopCGen:	0	TopLGen:	0	TopAGen:	3	#Deaths:	17	DEATHLOG:	Killed by a Hazard:	8	Killed by Temp Discomfort:	6	Killed by Excessive Generosity:	1	Killed by Natural Causes:	1	Killed by Suffocation .:	1	
Epoch:	16	#Units:	32	#Herbi:	11	#Frugi:	11	#Carni:	10	#Terra:	5	#Aqua:	27	#Hybrids:	0	#Spikes:	16	#0.75Plant:	13640	#0.5Meat:	4	#0.5Hazard:	527	#0.5Fruit:	16267	RandGenome:	-1808	RandSeed:	1	RandGen:	0	RandMetabolism:	0.456741	RandColorR:	0.748090	RandColorG:	0.270956	RandColorB:	0.529176	TopHGen:	3	TopFGen:	0	TopCGen:	0	TopLGen:	0	TopAGen:	3	#Deaths:	12	DEATHLOG:	Killed by LackOf Oxygen:	1	Killed by Temp Discomfort:	4	Killed by Suffocation .:	3	Killed by a Hazard:	4	
Epoch:	16	#Units:	34	#Herbi:	12	#Frugi:	12	#Carni:	10	#Terra:	7	#Aqua:	27	#Hybrids:	0	#Spikes:	19	#0.75Plant:	13742	#0.5Meat:	4	#0.5Hazard:	524	#0.5Fruit:	16337	RandGenome:	5355	RandSeed:	1	RandGen:	0	RandMetabolism:	0.357923	RandColorR:	0.996914	RandColorG:	0.441413	RandColorB:	0.043749	TopHGen:	3	TopFGen:	0	TopCGen:	0	TopLGen:	1	TopAGen:	3	#Deaths:	13	DEATHLOG:	Killed by Temp Discomfort:	3	Killed by a Hazard:	3	Killed by Suffocation .:	6	Killed by Child Birth:	1	
Epoch:	16	#Units:	34	#Herbi:	10	#Frugi:	12	#Carni:	12	#Terra:	6	#Aqua:	28	#Hybrids:	0	#Spikes:	21	#0.75Plant:	13877	#0.5Meat:	4	#0.5Hazard:	530	#0.5Fruit:	16440	RandGenome:	1201	RandSeed:	1	RandGen:	0	RandMetabolism:	0.456741	RandColorR:	0.379218	RandColorG:	0.418810	RandColorB:	0.997850	TopHGen:	3	TopFGen:	0	TopCGen:	0	TopLGen:	1	TopAGen:	3	#Deaths:	15	DEATHLOG:	Killed by a Collision:	2	Killed by a Hazard:	6	Killed by Temp Discomfort:	2	Killed by Suffocation .:	5	
Epoch:	16	#Units:	37	#Herbi:	10	#Frugi:	13	#Carni:	14	#Terra:	6	#Aqua:	31	#Hybrids:	0	#Spikes:	22	#0.75Plant:	13924	#0.5Meat:	4	#0.5Hazard:	533	#0.5Fruit:	16538	RandGenome:	4197	RandSeed:	1	RandGen:	0	RandMetabolism:	0.461737	RandColorR:	0.325518	RandColorG:	0.993773	RandColorB:	0.986520	TopHGen:	3	TopFGen:	0	TopCGen:	0	TopLGen:	1	TopAGen:	3	#Deaths:	10	DEATHLOG:	Killed by Temp Discomfort:	4	Killed by Suffocation .:	4	Killed by a Hazard:	2	
Epoch:	16	#Units:	33	#Herbi:	12	#Frugi:	10	#Carni:	11	#Terra:	7	#Aqua:	26	#Hybrids:	0	#Spikes:	25	#0.75Plant:	14062	#0.5Meat:	4	#0.5Hazard:	533	#0.5Fruit:	16630	RandGenome:	-961	RandSeed:	1	RandGen:	0	RandMetabolism:	0.734602	RandColorR:	0.387199	RandColorG:	0.499499	RandColorB:	0.000000	TopHGen:	3	TopFGen:	0	TopCGen:	0	TopLGen:	1	TopAGen:	3	#Deaths:	22	DEATHLOG:	Killed by Child Birth:	1	Killed by a Collision:	2	Killed by a Hazard:	7	Killed by Temp Discomfort:	7	Killed by Suffocation .:	5	
Epoch:	16	#Units:	34	#Herbi:	12	#Frugi:	10	#Carni:	12	#Terra:	10	#Aqua:	24	#Hybrids:	0	#Spikes:	21	#0.75Plant:	14197	#0.5Meat:	4	#0.5Hazard:	533	#0.5Fruit:	16706	RandGenome:	-5759	RandSeed:	1	RandGen:	0	RandMetabolism:	0.405380	RandColorR:	0.534213	RandColorG:	1.000000	RandColorB:	0.868641	TopHGen:	3	TopFGen:	0	TopCGen:	0	TopLGen:	1	TopAGen:	3	#Deaths:	12	DEATHLOG:	Killed by Natural Causes:	1	Killed by Temp Discomfort:	7	Killed by a Hazard:	1	Killed by Suffocation .:	3	
Epoch:	17	#Units:	31	#Herbi:	13	#Frugi:	10	#Carni:	8	#Terra:	4	#Aqua:	27	#Hybrids:	0	#Spikes:	21	#0.75Plant:	14316	#0.5Meat:	4	#0.5Hazard:	531	#0.5Fruit:	16788	RandGenome:	-4001	RandSeed:	1	RandGen:	0	RandMetabolism:	0.660569	RandColorR:	0.587328	RandColorG:	0.000134	RandColorB:	0.127927	TopHGen:	3	TopFGen:	0	TopCGen:	0	TopLGen:	1	TopAGen:	3	#Deaths:	18	DEATHLOG:	Killed by Suffocation .:	6	Killed by Temp Discomfort:	6	Killed by a Hazard:	6	
Epoch:	17	#Units:	34	#Herbi:	12	#Frugi:	14	#Carni:	8	#Terra:	5	#Aqua:	29	#Hybrids:	0	#Spikes:	22	#0.75Plant:	14495	#0.5Meat:	4	#0.5Hazard:	529	#0.5Fruit:	16885	RandGenome:	4380	RandSeed:	1	RandGen:	0	RandMetabolism:	0.420092	RandColorR:	0.365825	RandColorG:	0.009494	RandColorB:	0.567975	TopHGen:	3	TopFGen:	0	TopCGen:	0	TopLGen:	1	TopAGen:	3	#Deaths:	5	DEATHLOG:	Killed by a Murder:	1	Killed by Suffocation .:	1	Killed by a Hazard:	2	Killed by Temp Discomfort:	1	
Epoch:	17	#Units:	32	#Herbi:	10	#Frugi:	13	#Carni:	9	#Terra:	4	#Aqua:	28	#Hybrids:	0	#Spikes:	21	#0.75Plant:	14618	#0.5Meat:	4	#0.5Hazard:	531	#0.5Fruit:	16960	RandGenome:	-5779	RandSeed:	1	RandGen:	0	RandMetabolism:	0.444751	RandColorR:	0.626526	RandColorG:	0.038826	RandColorB:	0.802679	TopHGen:	3	TopFGen:	1	TopCGen:	0	TopLGen:	1	TopAGen:	3	#Deaths:	17	DEATHLOG:	Killed by Suffocation .:	3	Killed by Temp Discomfort:	7	Killed by a Hazard:	4	Killed by Natural Causes:	1	Killed by Child Birth:	1	Killed by a Murder:	1	
Epoch:	17	#Units:	34	#Herbi:	11	#Frugi:	10	#Carni:	13	#Terra:	7	#Aqua:	27	#Hybrids:	0	#Spikes:	21	#0.75Plant:	14687	#0.5Meat:	5	#0.5Hazard:	531	#0.5Fruit:	17043	RandGenome:	-5777	RandSeed:	1	RandGen:	0	RandMetabolism:	0.502854	RandColorR:	0.149585	RandColorG:	0.600183	RandColorB:	0.010121	TopHGen:	3	TopFGen:	1	TopCGen:	1	TopLGen:	1	TopAGen:	3	#Deaths:	11	DEATHLOG:	Killed by a Hazard:	1	Killed by Temp Discomfort:	3	Killed by a Murder:	2	Killed by Suffocation .:	4	Killed by Child Birth:	1	
Epoch:	17	#Units:	34	#Herbi:	14	#Frugi:	10	#Carni:	10	#Terra:	7	#Aqua:	27	#Hybrids:	0	#Spikes:	20	#0.75Plant:	14778	#0.5Meat:	5	#0.5Hazard:	524	#0.5Fruit:	17132	RandGenome:	-5672	RandSeed:	1	RandGen:	0	RandMetabolism:	0.543107	RandColorR:	0.906328	RandColorG:	0.000025	RandColorB:	0.535289	TopHGen:	4	TopFGen:	1	TopCGen:	1	TopLGen:	1	TopAGen:	4	#Deaths:	14	DEATHLOG:	Killed by Temp Discomfort:	4	Killed by a Hazard:	2	Killed by Excessive Generosity:	1	Killed by Suffocation .:	4	Killed by Child Birth:	1	Killed by a Murder:	2	
Epoch:	17	#Units:	34	#Herbi:	15	#Frugi:	9	#Carni:	10	#Terra:	9	#Aqua:	25	#Hybrids:	0	#Spikes:	22	#0.75Plant:	14913	#0.5Meat:	5	#0.5Hazard:	527	#0.5Fruit:	17204	RandGenome:	776	RandSeed:	1	RandGen:	0	RandMetabolism:	0.508474	RandColorR:	0.602763	RandColorG:	0.015471	RandColorB:	0.038365	TopHGen:	4	TopFGen:	1	TopCGen:	1	TopLGen:	1	TopAGen:	4	#Deaths:	10	DEATHLOG:	Killed by Temp Discomfort:	5	Killed by a Hazard:	2	Killed by Suffocation .:	3	
Epoch:	17	#Units:	34	#Herbi:	14	#Frugi:	12	#Carni:	8	#Terra:	7	#Aqua:	27	#Hybrids:	0	#Spikes:	18	#0.75Plant:	15026	#0.5Meat:	5	#0.5Hazard:	531	#0.5Fruit:	17287	RandGenome:	-4342	RandSeed:	1	RandGen:	0	RandMetabolism:	0.470571	RandColorR:	0.486857	RandColorG:	0.999961	RandColorB:	0.003796	TopHGen:	4	TopFGen:	1	TopCGen:	1	TopLGen:	1	TopAGen:	4	#Deaths:	10	DEATHLOG:	Killed by Temp Discomfort:	6	Killed by Suffocation .:	3	Killed by a Hazard:	1	
Epoch:	17	#Units:	35	#Herbi:	14	#Frugi:	10	#Carni:	11	#Terra:	7	#Aqua:	28	#Hybrids:	0	#Spikes:	22	#0.75Plant:	15096	#0.5Meat:	5	#0.5Hazard:	543	#0.5Fruit:	17370	RandGenome:	4542	RandSeed:	1	RandGen:	0	RandMetabolism:	0.702710	RandColorR:	0.159203	RandColorG:	0.698257	RandColorB:	0.999761	TopHGen:	4	TopFGen:	1	TopCGen:	1	TopLGen:	1	TopAGen:	4	#Deaths:	8	DEATHLOG:	Killed by Suffocation .:	3	Killed by Temp Discomfort:	4	Killed by a Hazard:	1	
